Header,Mode,Add 1,Reg 1,Add 2,Reg 2,Add 3,Reg 3,Add 4,Reg 4,Add 5,Reg 5,Add 6,Reg 6,Add 7,Reg 7,Add 8,Reg 8,Add 9,Reg 9,Add 10,Reg 10,Add 11,Reg 11,Add 12,Reg 12,Add 13,Reg 13,Add 14,Reg 14,Add 15,Reg 15,Add 16,Reg 16,Add 17,Reg 17,Add 18,Reg 18,Add 19,Reg 19,Add 20,Reg 20,Add 21,Reg 21,Add 22,Reg 22,Add 23,Reg 23,Add 24,Reg 24,Add 25,Reg 25,Add 26,Reg 26,Total number,Delay number,Delay time,,,,,,,,,,,,
A0,HTC_VOC_CODEC_EARCUPLE_VOICE,35,71,36,61,37,0,38,0,39,3,3A,0,3B,0,3C,0,3D,0,3E,0,3F,0,40,0,41,1C,42,0,43,0,44,0,45,0,46,0,47,0,48,0,49,0,4A,1,4B,0,4C,0,0,0,0,0,0,0,0,0,0,0,0,0,0,0,0,0,0,0,0
A1,HTC_VOC_CODEC_EARCUPLE_MIDI,35,71,36,61,37,0,38,0,39,3,3A,0,3B,0,3C,0,3D,0,3E,0,3F,0,40,0,41,1C,42,0,43,0,44,0,45,0,46,0,47,0,48,0,49,0,4A,1,4B,0,4C,0,0,0,0,0,0,0,0,0,0,0,0,0,0,0,0,0,0,0,0
A2,HTC_VOC_CODEC_SPEAKER_VOICE,35,63,36,63,37,0,38,0,39,3,3A,0,3B,0,3C,0,3D,0,3E,0,3F,0,40,0,41,0,42,0,43,0,44,0,45,0,46,0,47,0,48,0,49,0,4A,18,4B,0,4C,0,0,0,0,0,0,0,0,0,0,0,0,0,0,0,0,0,0,0,0
A3,HTC_VOC_CODEC_SPEAKER_MIDI,35,63,36,63,37,0,38,0,39,3,3A,0,3B,0,3C,0,3D,0,3E,0,3F,0,40,0,41,0,42,0,43,0,44,0,45,0,46,0,47,0,48,0,49,0,4A,18,4B,0,4C,0,0,0,0,0,0,0,0,0,0,0,0,0,0,0,0,0,0,0,0
A4,HTC_VOC_CODEC_HEADSET_VOICE,35,69,36,69,37,0,38,0,39,3,3A,80,3B,0,3C,0,3D,0,3E,0,3F,0,40,0,41,1C,42,0,43,0,44,0,45,0,46,0,47,0,48,0,49,0,4A,6,4B,0,4C,0,0,0,0,0,0,0,0,0,0,0,0,0,0,0,0,0,0,0,0
A5,HTC_VOC_CODEC_HEADSET_MIDI,35,69,36,69,37,0,38,0,39,3,3A,80,3B,0,3C,0,3D,0,3E,0,3F,0,40,0,41,1C,42,0,43,0,44,0,45,0,46,0,47,0,48,0,49,0,4A,6,4B,0,4C,0,0,0,0,0,0,0,0,0,0,0,0,0,0,0,0,0,0,0,0
A6,HTC_VOC_CODEC_BT_VOICE,35,0,36,0,37,0,38,0,39,0,3A,0,3B,0,3C,0,3D,0,3E,0,3F,0,40,0,41,0,42,0,43,0,44,0,45,0,46,0,47,0,48,0,49,0,4A,0,4B,0,4C,0,0,0,0,0,0,0,0,0,0,0,0,0,0,0,0,0,0,0,0
A7,HTC_VOC_CODEC_BT_MIDI,35,0,36,0,37,0,38,0,39,0,3A,0,3B,0,3C,0,3D,0,3E,0,3F,0,40,0,41,0,42,0,43,0,44,0,45,0,46,0,47,0,48,0,49,0,4A,0,4B,0,4C,0,0,0,0,0,0,0,0,0,0,0,0,0,0,0,0,0,0,0,0
A8,HTC_VOC_CODEC_CARKIT_VOICE,35,0,36,0,37,0,38,0,39,0,3A,0,3B,0,3C,0,3D,0,3E,0,3F,0,40,0,41,0,42,0,43,0,44,0,45,0,46,0,47,0,48,0,49,0,4A,0,4B,0,4C,0,0,0,0,0,0,0,0,0,0,0,0,0,0,0,0,0,0,0,0
A9,HTC_VOC_CODEC_CARKIT_MIDI,35,0,36,0,37,0,38,0,39,0,3A,0,3B,0,3C,0,3D,0,3E,0,3F,0,40,0,41,0,42,0,43,0,44,0,45,0,46,0,47,0,48,0,49,0,4A,0,4B,0,4C,0,0,0,0,0,0,0,0,0,0,0,0,0,0,0,0,0,0,0,0
A10,HTC_VOC_CODEC_TTY_FULL_VOICE,35,69,36,69,37,0,38,0,39,3,3A,80,3B,0,3C,0,3D,0,3E,0,3F,0,40,0,41,1C,42,0,43,0,44,0,45,0,46,0,47,0,48,0,49,0,4A,6,4B,0,4C,0,0,0,0,0,0,0,0,0,0,0,0,0,0,0,0,0,0,0,0
A11,HTC_VOC_CODEC_TTY_FULL_MIDI,35,69,36,69,37,0,38,0,39,3,3A,80,3B,0,3C,0,3D,0,3E,0,3F,0,40,0,41,1C,42,0,43,0,44,0,45,0,46,0,47,0,48,0,49,0,4A,6,4B,0,4C,0,0,0,0,0,0,0,0,0,0,0,0,0,0,0,0,0,0,0,0
A12,HTC_VOC_CODEC_TTY_VCO_VOICE,35,69,36,69,37,0,38,0,39,3,3A,80,3B,0,3C,0,3D,0,3E,0,3F,0,40,0,41,1C,42,0,43,0,44,0,45,0,46,0,47,0,48,0,49,0,4A,6,4B,0,4C,0,0,0,0,0,0,0,0,0,0,0,0,0,0,0,0,0,0,0,0
A13,HTC_VOC_CODEC_TTY_VCO_MIDI,35,69,36,69,37,0,38,0,39,3,3A,80,3B,0,3C,0,3D,0,3E,0,3F,0,40,0,41,1C,42,0,43,0,44,0,45,0,46,0,47,0,48,0,49,0,4A,6,4B,0,4C,0,0,0,0,0,0,0,0,0,0,0,0,0,0,0,0,0,0,0,0
A14,HTC_VOC_CODEC_TTY_HCO_VOICE,35,71,36,61,37,0,38,0,39,3,3A,0,3B,0,3C,0,3D,0,3E,0,3F,0,40,0,41,1C,42,0,43,0,44,0,45,0,46,0,47,0,48,0,49,0,4A,1,4B,0,4C,0,0,0,0,0,0,0,0,0,0,0,0,0,0,0,0,0,0,0,0
A15,HTC_VOC_CODEC_TTY_HCO_MIDI,35,71,36,61,37,0,38,0,39,3,3A,0,3B,0,3C,0,3D,0,3E,0,3F,0,40,0,41,1C,42,0,43,0,44,0,45,0,46,0,47,0,48,0,49,0,4A,1,4B,0,4C,0,0,0,0,0,0,0,0,0,0,0,0,0,0,0,0,0,0,0,0
A16,HTC_VOC_CODEC_TBD1_VOICE,35,71,36,61,37,0,38,0,39,3,3A,0,3B,0,3C,0,3D,0,3E,0,3F,0,40,0,41,1C,42,0,43,0,44,0,45,0,46,0,47,0,48,0,49,0,4A,1,4B,0,4C,0,0,0,0,0,0,0,0,0,0,0,0,0,0,0,0,0,0,0,0
A17,HTC_VOC_CODEC_TBD1_MIDI,35,71,36,61,37,0,38,0,39,3,3A,0,3B,0,3C,0,3D,0,3E,0,3F,0,40,0,41,1C,42,0,43,0,44,0,45,0,46,0,47,0,48,0,49,0,4A,1,4B,0,4C,0,0,0,0,0,0,0,0,0,0,0,0,0,0,0,0,0,0,0,0
A18,HTC_VOC_CODEC_FMHEADSET_VOICE,35,69,36,69,37,0,38,0,39,F,3A,80,3B,0,3C,0,3D,0,3E,0,3F,0,40,0,41,1C,42,10,43,3F,44,0,45,0,46,F,47,0,48,0,49,0,4A,6,4B,0,4C,0,0,0,0,0,0,0,0,0,0,0,0,0,0,0,0,0,0,0,0
A19,HTC_VOC_CODEC_FMHEADSET_MIDI,35,69,36,69,37,0,38,0,39,F,3A,80,3B,0,3C,0,3D,0,3E,0,3F,0,40,0,41,1C,42,10,43,3F,44,0,45,0,46,F,47,0,48,0,49,0,4A,6,4B,0,4C,0,0,0,0,0,0,0,0,0,0,0,0,0,0,0,0,0,0,0,0
A20,HTC_VOC_CODEC_TBD3_VOICE,35,6B,36,6B,37,0,38,0,39,3,3A,80,3B,0,3C,0,3D,0,3E,0,3F,0,40,0,41,10,42,0,43,0,44,0,45,0,46,0,47,0,48,0,49,0,4A,1E,4B,0,4C,0,0,0,0,0,0,0,0,0,0,0,0,0,0,0,0,0,0,0,0
A21,HTC_VOC_CODEC_TBD3_MIDI,35,6B,36,6B,37,0,38,0,39,3,3A,80,3B,0,3C,0,3D,0,3E,0,3F,0,40,0,41,10,42,0,43,0,44,0,45,0,46,0,47,0,48,0,49,0,4A,1E,4B,0,4C,0,0,0,0,0,0,0,0,0,0,0,0,0,0,0,0,0,0,0,0
A22,HTC_VOC_CODEC_FMSPEAKER_VOICE,35,63,36,63,37,0,38,0,39,F,3A,0,3B,0,3C,0,3D,0,3E,0,3F,0,40,0,41,0,42,4,43,3F,44,0,45,0,46,F,47,0,48,0,49,0,4A,18,4B,0,4C,0,0,0,0,0,0,0,0,0,0,0,0,0,0,0,0,0,0,0,0
A23,HTC_VOC_CODEC_FMSPEAKER_MIDI,35,63,36,63,37,0,38,0,39,F,3A,0,3B,0,3C,0,3D,0,3E,0,3F,0,40,0,41,0,42,4,43,3F,44,0,45,0,46,F,47,0,48,0,49,0,4A,18,4B,0,4C,0,0,0,0,0,0,0,0,0,0,0,0,0,0,0,0,0,0,0,0
Header,Mode,Add 1,Reg 1,Add 2,Reg 2,Add 3,Reg 3,Add 4,Reg 4,Add 5,Reg 5,Add 6,Reg 6,Add 7,Reg 7,Add 8,Reg 8,Add 9,Reg 9,Add 10,Reg 10,Add 11,Reg 11,Add 12,Reg 12,Add 13,Reg 13,Add 14,Reg 14,Add 15,Reg 15,Add 16,Reg 16,Add 17,Reg 17,Add 18,Reg 18,Add 19,Reg 19,Add 20,Reg 20,Add 21,Reg 21,Add 22,Reg 22,Add 23,Reg 23,Add 24,Reg 24,Add 25,Reg 25,Add 26,Reg 26,Total number,Delay number,Delay time,,,,,,,,,,,,
U0,HTC_VOC_CODEC_EARCUPLE_VOICE,35,0,36,0,37,FF,38,0,39,0,3A,0,3B,0,3C,44,3D,44,3E,0,3F,80,40,5,41,0,42,1,43,0,44,0,45,0,46,0,47,0,48,0,49,0,4A,0,4B,0,4C,0,0,0,0,0,0,0,0,0,0,0,0,0,0,0,0,0,0,0,0
U1,HTC_VOC_CODEC_EARCUPLE_MIDI,35,0,36,0,37,FF,38,0,39,0,3A,0,3B,0,3C,2C,3D,2C,3E,0,3F,80,40,5,41,0,42,1,43,0,44,0,45,0,46,0,47,0,48,0,49,0,4A,0,4B,0,4C,0,0,0,0,0,0,0,0,0,0,0,0,0,0,0,0,0,0,0,0
U2,HTC_VOC_CODEC_SPEAKER_VOICE,35,0,36,0,37,FF,38,0,39,0,3A,0,3B,0,3C,94,3D,94,3E,0,3F,0,40,0,41,0,42,1,43,0,44,0,45,0,46,0,47,0,48,0,49,0,4A,0,4B,0,4C,0,0,0,0,0,0,0,0,0,0,0,0,0,0,0,0,0,0,0,0
U3,HTC_VOC_CODEC_SPEAKER_MIDI,35,0,36,0,37,FF,38,0,39,0,3A,0,3B,0,3C,2C,3D,2C,3E,0,3F,0,40,0,41,0,42,1,43,0,44,0,45,0,46,0,47,0,48,0,49,0,4A,0,4B,0,4C,0,0,0,0,0,0,0,0,0,0,0,0,0,0,0,0,0,0,0,0
U4,HTC_VOC_CODEC_HEADSET_VOICE,35,0,36,0,37,FF,38,0,39,0,3A,0,3B,0,3C,28,3D,28,3E,8,3F,80,40,5,41,0,42,1,43,0,44,0,45,0,46,0,47,0,48,0,49,0,4A,0,4B,0,4C,0,0,0,0,0,0,0,0,0,0,0,0,0,0,0,0,0,0,0,0
U5,HTC_VOC_CODEC_HEADSET_MIDI,35,0,36,0,37,FF,38,0,39,0,3A,0,3B,0,3C,20,3D,20,3E,8,3F,80,40,5,41,0,42,1,43,0,44,0,45,0,46,0,47,0,48,0,49,0,4A,0,4B,0,4C,0,0,0,0,0,0,0,0,0,0,0,0,0,0,0,0,0,0,0,0
U6,HTC_VOC_CODEC_BT_VOICE,35,0,36,0,37,0,38,0,39,0,3A,0,3B,0,3C,0,3D,0,3E,0,3F,0,40,0,41,0,42,0,43,0,44,0,45,0,46,0,47,0,48,0,49,0,4A,0,4B,0,4C,0,0,0,0,0,0,0,0,0,0,0,0,0,0,0,0,0,0,0,0
U7,HTC_VOC_CODEC_BT_MIDI,35,0,36,0,37,0,38,0,39,0,3A,0,3B,0,3C,0,3D,0,3E,0,3F,0,40,0,41,0,42,0,43,0,44,0,45,0,46,0,47,0,48,0,49,0,4A,0,4B,0,4C,0,0,0,0,0,0,0,0,0,0,0,0,0,0,0,0,0,0,0,0
U8,HTC_VOC_CODEC_CARKIT_VOICE,35,0,36,0,37,0,38,0,39,0,3A,0,3B,0,3C,0,3D,0,3E,0,3F,0,40,0,41,0,42,0,43,0,44,0,45,0,46,0,47,0,48,0,49,0,4A,0,4B,0,4C,0,0,0,0,0,0,0,0,0,0,0,0,0,0,0,0,0,0,0,0
U9,HTC_VOC_CODEC_CARKIT_MIDI,35,0,36,0,37,0,38,0,39,0,3A,0,3B,0,3C,0,3D,0,3E,0,3F,0,40,0,41,0,42,0,43,0,44,0,45,0,46,0,47,0,48,0,49,0,4A,0,4B,0,4C,0,0,0,0,0,0,0,0,0,0,0,0,0,0,0,0,0,0,0,0
U10,HTC_VOC_CODEC_TTY_FULL_VOICE,35,0,36,0,37,FF,38,0,39,0,3A,0,3B,0,3C,3C,3D,3C,3E,8,3F,80,40,5,41,0,42,0,43,0,44,0,45,0,46,0,47,0,48,0,49,0,4A,0,4B,0,4C,0,0,0,0,0,0,0,0,0,0,0,0,0,0,0,0,0,0,0,0
U11,HTC_VOC_CODEC_TTY_FULL_MIDI,35,0,36,0,37,FF,38,0,39,0,3A,0,3B,0,3C,3C,3D,3C,3E,8,3F,80,40,5,41,0,42,0,43,0,44,0,45,0,46,0,47,0,48,0,49,0,4A,0,4B,0,4C,0,0,0,0,0,0,0,0,0,0,0,0,0,0,0,0,0,0,0,0
U12,HTC_VOC_CODEC_TTY_VCO_VOICE,35,0,36,0,37,FF,38,0,39,0,3A,0,3B,0,3C,44,3D,44,3E,0,3F,80,40,5,41,0,42,0,43,0,44,0,45,0,46,0,47,0,48,0,49,0,4A,0,4B,0,4C,0,0,0,0,0,0,0,0,0,0,0,0,0,0,0,0,0,0,0,0
U13,HTC_VOC_CODEC_TTY_VCO_MIDI,35,0,36,0,37,FF,38,0,39,0,3A,0,3B,0,3C,44,3D,44,3E,0,3F,80,40,5,41,0,42,0,43,0,44,0,45,0,46,0,47,0,48,0,49,0,4A,0,4B,0,4C,0,0,0,0,0,0,0,0,0,0,0,0,0,0,0,0,0,0,0,0
U14,HTC_VOC_CODEC_TTY_HCO_VOICE,35,0,36,0,37,FF,38,0,39,0,3A,0,3B,0,3C,A0,3D,A0,3E,8,3F,80,40,5,41,0,42,0,43,0,44,0,45,0,46,0,47,0,48,0,49,0,4A,0,4B,0,4C,0,0,0,0,0,0,0,0,0,0,0,0,0,0,0,0,0,0,0,0
U15,HTC_VOC_CODEC_TTY_HCO_MIDI,35,0,36,0,37,FF,38,0,39,0,3A,0,3B,0,3C,A0,3D,A0,3E,8,3F,80,40,5,41,0,42,0,43,0,44,0,45,0,46,0,47,0,48,0,49,0,4A,0,4B,0,4C,0,0,0,0,0,0,0,0,0,0,0,0,0,0,0,0,0,0,0,0
U16,HTC_VOC_CODEC_TBD1_VOICE,35,0,36,0,37,FF,38,0,39,0,3A,0,3B,0,3C,A0,3D,A0,3E,8,3F,80,40,5,41,0,42,0,43,0,44,0,45,0,46,0,47,0,48,0,49,0,4A,0,4B,0,4C,0,0,0,0,0,0,0,0,0,0,0,0,0,0,0,0,0,0,0,0
U17,HTC_VOC_CODEC_TBD1_MIDI,35,0,36,0,37,FF,38,0,39,0,3A,0,3B,0,3C,A0,3D,A0,3E,8,3F,80,40,5,41,0,42,0,43,0,44,0,45,0,46,0,47,0,48,0,49,0,4A,0,4B,0,4C,0,0,0,0,0,0,0,0,0,0,0,0,0,0,0,0,0,0,0,0
U18,HTC_VOC_CODEC_FMHEADSET_VOICE,35,0,36,0,37,FF,38,0,39,0,3A,0,3B,0,3C,A0,3D,A0,3E,8,3F,80,40,5,41,0,42,0,43,0,44,0,45,0,46,0,47,0,48,0,49,0,4A,0,4B,0,4C,0,0,0,0,0,0,0,0,0,0,0,0,0,0,0,0,0,0,0,0
U19,HTC_VOC_CODEC_FMHEADSET_MIDI,35,0,36,0,37,FF,38,0,39,0,3A,0,3B,0,3C,A0,3D,A0,3E,8,3F,80,40,5,41,0,42,0,43,0,44,0,45,0,46,0,47,0,48,0,49,0,4A,0,4B,0,4C,0,0,0,0,0,0,0,0,0,0,0,0,0,0,0,0,0,0,0,0
U20,HTC_VOC_CODEC_TBD3_VOICE,35,0,36,0,37,FF,38,0,39,0,3A,0,3B,0,3C,44,3D,44,3E,0,3F,80,40,5,41,0,42,1,43,0,44,0,45,0,46,0,47,0,48,0,49,0,4A,0,4B,0,4C,0,0,0,0,0,0,0,0,0,0,0,0,0,0,0,0,0,0,0,0
U21,HTC_VOC_CODEC_TBD3_MIDI,35,0,36,0,37,FF,38,0,39,0,3A,0,3B,0,3C,44,3D,44,3E,0,3F,80,40,5,41,0,42,1,43,0,44,0,45,0,46,0,47,0,48,0,49,0,4A,0,4B,0,4C,0,0,0,0,0,0,0,0,0,0,0,0,0,0,0,0,0,0,0,0
U22,HTC_VOC_CODEC_FMSPEAKER_VOICE,35,0,36,0,37,FF,38,0,39,0,3A,0,3B,0,3C,C4,3D,C4,3E,8,3F,80,40,5,41,0,42,0,43,0,44,0,45,0,46,0,47,0,48,0,49,0,4A,0,4B,0,4C,0,0,0,0,0,0,0,0,0,0,0,0,0,0,0,0,0,0,0,0
U23,HTC_VOC_CODEC_FMSPEAKER_MIDI,35,0,36,0,37,FF,38,0,39,0,3A,0,3B,0,3C,C4,3D,C4,3E,8,3F,80,40,5,41,0,42,0,43,0,44,0,45,0,46,0,47,0,48,0,49,0,4A,0,4B,0,4C,0,0,0,0,0,0,0,0,0,0,0,0,0,0,0,0,0,0,0,0
Header,Mode,Operator ID,  Vocpath,  volume_level,codecTxGain,codecRxGain,codecSTGain,txVolume,rxVolume,pcmFormatCtrl,ecSwitch,ecMode,ecStartupMuteHangoverThres,ecFarendHangoverThres,esecDoubletalkHangoverThres,hecDoubletalkHangoverThres,aecDoubletalkHangoverThres,ecStartupMuteMode,ecMuteOverride,ecStartupErleThres,ecForceHalfDuplex,esecResetThres,hecResetThres,aecResetThres,ecInputSampOffset,rxAgcEnableFlag,compFlinkStaticGain,compFlinkAIGFlag,expFlinkThreshold,expFlinkSlope,compFlinkThreshold,compFlinkSlope,rxAvcEnableFlag,avcRlinkSensitivityOffset,avcFlinkHeadroom,txAgcEnableFlag,compRlinkStaticGain,compRlinkAIGFlag,expRlinkThreshold,expRlinkSlope,compRlinkThreshold,compRlinkSlope,nsSwitch,nsMinGain,nsSlope,nsSNRThreshold,rxPcmFiltCoeff 0,rxPcmFiltCoeff 1,rxPcmFiltCoeff 2,rxPcmFiltCoeff 3,rxPcmFiltCoeff 4,rxPcmFiltCoeff 5,rxPcmFiltCoeff 6,txPcmFiltCoeff 0,txPcmFiltCoeff 1,txPcmFiltCoeff 2,txPcmFiltCoeff 3,txPcmFiltCoeff 4,txPcmFiltCoeff 5,txPcmFiltCoeff 6,  ec_reset_flag,Reserved 2,Reserved 3,Reserved 4,Reserved 5,Reserved 6,  MCC_Val,  MNC_Val
B0,PHONE_HEADSET_VOL0,0,0,0,4000,2013,0,4000,2013,422,FFFF,0,190,0,1000,320,1000,0,0,7F,0,300,300,3000,0,FFFF,2D33,0,780,FF9A,1D80,F333,0,ED00,0,FFFF,3FD9,0,C80,FF9A,1B0C,F333,1,68,743E,6,0,FF68,FB13,FC56,114,EDCE,47FB,0,0,0,0,0,0,0,0,0,0,0,0,0,FFFF,FFFF
B1,PHONE_HEADSET_VOL1,0,0,1,4000,2861,0,4000,2861,422,FFFF,0,190,0,1000,320,1000,0,0,7F,0,300,300,3000,0,FFFF,2D33,0,780,FF9A,1D80,F333,0,ED00,0,FFFF,3FD9,0,C80,FF9A,1B0C,F333,1,68,743E,6,0,FF68,FB13,FC56,114,EDCE,47FB,0,0,0,0,0,0,0,0,0,0,0,0,0,FFFF,FFFF
B2,PHONE_HEADSET_VOL2,0,0,2,4000,32D6,0,4000,32D6,422,FFFF,0,190,0,1000,320,1000,0,0,7F,0,300,300,3000,0,FFFF,2D33,0,780,FF9A,1D80,F333,0,ED00,0,FFFF,3FD9,0,C80,FF9A,1B0C,F333,1,68,743E,6,0,FF68,FB13,FC56,114,EDCE,47FB,0,0,0,0,0,0,0,0,0,0,0,0,0,FFFF,FFFF
B3,PHONE_HEADSET_VOL3,0,0,3,4000,4000,0,4000,4000,422,FFFF,0,190,0,1000,320,1000,0,0,7F,0,300,300,3000,0,FFFF,2D33,0,780,FF9A,1D80,F333,0,ED00,0,FFFF,3FD9,0,C80,FF9A,1B0C,F333,1,68,743E,6,0,FF68,FB13,FC56,114,EDCE,47FB,0,0,0,0,0,0,0,0,0,0,0,0,0,FFFF,FFFF
B4,PHONE_HEADSET_VOL4,0,0,4,4000,4000,0,4000,656E,422,FFFF,0,190,0,1000,320,1000,0,0,7F,0,300,300,3000,0,FFFF,2D33,0,780,FF9A,1D80,F333,0,ED00,0,FFFF,3FD9,0,C80,FF9A,1B0C,F333,1,68,743E,6,0,FF68,FB13,FC56,114,EDCE,47FB,0,0,0,0,0,0,0,0,0,0,0,0,0,FFFF,FFFF
B5,PHONE_HEADSET_VOL5,0,0,5,4000,4000,0,4000,A0C2,422,FFFF,0,190,0,1000,320,1000,0,0,7F,0,300,300,3000,0,FFFF,2D33,0,780,FF9A,1D80,F333,0,ED00,0,FFFF,3FD9,0,C80,FF9A,1B0C,F333,1,68,743E,6,0,FF68,FB13,FC56,114,EDCE,47FB,0,0,0,0,0,0,0,0,0,0,0,0,0,FFFF,FFFF
B6,PHONE_HANDSFREE_VOL0,0,0,0,4000,2861,0,5A67,4000,422,FFFF,2,500,500,320,320,0,0,0,7F,0,300,300,3000,0,FFFF,3FD9,0,780,FF9A,1F00,F333,0,ED00,0,FFFF,3FD9,0,C80,FF9A,1D80,F333,1,40,743E,6,F46B,F937,F2C8,FA7F,F17B,56F,3C90,0,0,0,0,0,0,0,0,0,0,0,0,0,FFFF,FFFF
B7,PHONE_HANDSFREE_VOL1,0,0,1,4000,390A,0,5A67,4000,422,FFFF,2,500,500,320,320,0,0,0,7F,0,300,300,3000,0,FFFF,3FD9,0,780,FF9A,1F00,F333,0,ED00,0,FFFF,3FD9,0,C80,FF9A,1D80,F333,1,40,743E,6,F46B,F937,F2C8,FA7F,F17B,56F,3C90,0,0,0,0,0,0,0,0,0,0,0,0,0,FFFF,FFFF
B8,PHONE_HANDSFREE_VOL2,0,0,2,4000,4000,0,5A67,5092,422,FFFF,2,500,500,320,320,0,0,0,7F,0,300,300,3000,0,FFFF,3FD9,0,780,FF9A,1F00,F333,0,ED00,0,FFFF,3FD9,0,C80,FF9A,1D80,F333,1,40,743E,6,F46B,F937,F2C8,FA7F,F17B,56F,3C90,0,0,0,0,0,0,0,0,0,0,0,0,0,FFFF,FFFF
B9,PHONE_HANDSFREE_VOL3,0,0,3,4000,5092,0,5A67,5A67,422,FFFF,2,500,500,320,320,0,0,0,7F,0,300,300,3000,0,FFFF,3FD9,0,780,FF9A,1F00,F333,0,ED00,0,FFFF,3FD9,0,C80,FF9A,1D80,F333,1,40,743E,6,F46B,F937,F2C8,FA7F,F17B,56F,3C90,0,0,0,0,0,0,0,0,0,0,0,0,0,FFFF,FFFF
B10,PHONE_HANDSFREE_VOL4,0,0,4,4000,5092,0,5A67,7FB2,422,FFFF,2,500,800,320,320,0,1,0,7F,0,300,300,3000,0,FFFF,3FD9,0,780,FF9A,1F00,F333,0,ED00,0,FFFF,3FD9,0,C80,FF9A,1D80,F333,1,40,743E,6,F46B,F937,F2C8,FA7F,F17B,56F,3C90,0,0,0,0,0,0,0,0,0,0,0,0,0,FFFF,FFFF
B11,PHONE_HANDSFREE_VOL5,0,0,5,4000,71CF,0,5A67,7FB2,422,FFFF,2,500,800,320,320,0,1,0,7F,0,300,300,3000,0,FFFF,3FD9,0,780,FF9A,1F00,F333,0,ED00,0,FFFF,3FD9,0,C80,FF9A,1D80,F333,1,40,743E,6,F46B,F937,F2C8,FA7F,F17B,56F,3C90,0,0,0,0,0,0,0,0,0,0,0,0,0,FFFF,FFFF
B12,PHONE_EARCUPLE_VOL0,0,0,0,4000,2D4E,0,5092,2013,422,FFFF,0,190,0,1000,320,1000,0,0,7F,0,300,300,3000,0,FFFF,2D33,0,780,FF9A,1D80,F333,0,ED00,0,FFFF,3FD9,0,C80,FF9A,1B0C,F333,1,68,743E,6,0,FF80,FBDB,FCEB,E8,F0B1,3C90,0,0,0,0,0,0,0,0,0,0,0,0,0,FFFF,FFFF
B13,PHONE_EARCUPLE_VOL1,0,0,1,4000,2D4E,0,5092,2D4E,422,FFFF,0,190,0,1000,320,1000,0,0,7F,0,300,300,3000,0,FFFF,2D33,0,780,FF9A,1D80,F333,0,ED00,0,FFFF,3FD9,0,C80,FF9A,1B0C,F333,1,68,743E,6,0,FF80,FBDB,FCEB,E8,F0B1,3C90,0,0,0,0,0,0,0,0,0,0,0,0,0,FFFF,FFFF
B14,PHONE_EARCUPLE_VOL2,0,0,2,4000,4000,0,5092,2D4E,422,FFFF,0,190,0,1000,320,1000,0,0,7F,0,300,300,3000,0,FFFF,2D33,0,780,FF9A,1D80,F333,0,ED00,0,FFFF,3FD9,0,C80,FF9A,1B0C,F333,1,68,743E,6,0,FF80,FBDB,FCEB,E8,F0B1,3C90,0,0,0,0,0,0,0,0,0,0,0,0,0,FFFF,FFFF
B15,PHONE_EARCUPLE_VOL3,0,0,3,4000,4000,0,5092,4000,422,FFFF,0,190,0,1000,320,1000,0,0,7F,0,300,300,3000,0,FFFF,2D33,0,780,FF9A,1D80,F333,0,ED00,0,FFFF,3FD9,0,C80,FF9A,1B0C,F333,1,68,743E,6,0,FF80,FBDB,FCEB,E8,F0B1,3C90,0,0,0,0,0,0,0,0,0,0,0,0,0,FFFF,FFFF
B16,PHONE_EARCUPLE_VOL4,0,0,4,4000,4000,0,5092,5A67,422,FFFF,0,190,190,1200,320,1000,0,0,7F,0,300,300,3000,0,FFFF,2D33,0,780,FF9A,1D80,F333,0,ED00,0,FFFF,3FD9,0,C80,FF9A,1B0C,F333,1,68,743E,6,0,FF80,FBDB,FCEB,E8,F0B1,3C90,0,0,0,0,0,0,0,0,0,0,0,0,0,FFFF,FFFF
B17,PHONE_EARCUPLE_VOL5,0,0,5,4000,4000,0,5092,7FB2,422,FFFF,0,190,190,1200,320,1000,0,0,7F,0,300,300,3000,0,FFFF,2D33,0,780,FF9A,1D80,F333,0,ED00,0,FFFF,3FD9,0,C80,FF9A,1B0C,F333,1,68,743E,6,0,FF80,FBDB,FCEB,E8,F0B1,3C90,0,0,0,0,0,0,0,0,0,0,0,0,0,FFFF,FFFF
B18,PHONE_BTHEADSET,0,0,5,4000,4000,0,4000,5A67,422,FFFF,0,190,0,320,320,320,0,0,7F,0,300,300,3000,0,0,7F65,0,780,FF9A,1B0C,F333,0,ED00,0,0,7F65,0,780,FF9A,1B0C,F333,1,68,743E,6,417,FC95,60,EC7D,01D8,F16B,3D23,0,0,0,0,0,0,0,0,0,0,0,0,0,FFFF,FFFF
B19,PHONE_CARKIT,0,0,5,4000,4000,0,4000,5A67,422,FFFF,0,190,0,320,320,320,0,0,7F,0,300,300,3000,0,0,7F65,0,780,FF9A,1B0C,F333,0,ED00,0,0,7F65,0,780,FF9A,1B0C,F333,1,68,743E,6,417,FC95,60,EC7D,01D8,F16B,3D23,0,0,0,0,0,0,0,0,0,0,0,0,0,FFFF,FFFF
B20,PHONE_TTY_FULL,0,0,0,4000,4000,0,4000,4000,422,0,0,320,0,190,190,190,0,0,7F,0,300,300,3000,0,0,7F65,0,780,FF9A,1B0C,F333,0,ED00,0,0,7F65,0,780,FF9A,1B0C,F333,0,68,743E,6,4000,0,0,0,0,0,0,0,91,316,400,FF03,17BF,3C90,0,0,0,0,0,0,FFFF,FFFF
B21,PHONE_TTY_VCO,0,0,0,4000,2600,0,4000,4000,422,0,0,320,0,190,190,190,0,0,7F,0,300,300,3000,0,0,7F65,0,780,FF9A,1B0C,F333,0,ED00,0,0,7F65,0,780,FF9A,1B0C,F333,0,68,743E,6,0,0,0,0,0,0,0,0,0,0,0,0,0,0,0,0,0,0,0,0,FFFF,FFFF
B22,PHONE_TTY_HCO,0,0,0,4000,4000,0,4000,5A67,422,0,0,320,0,190,190,190,0,0,7F,0,300,300,3000,0,0,7F65,0,780,FF9A,1B0C,F333,0,ED00,0,0,7F65,0,780,FF9A,1B0C,F333,0,68,743E,6,FB93,FBF6,F2C6,FDCC,93,141F,382A,0,0,0,0,0,0,0,0,0,0,0,0,0,FFFF,FFFF
B23,CE_REC_INC_MIC,0,0,5,4000,4000,0,4000,4000,422,0,0,190,0,320,320,320,0,0,7F,0,300,300,3000,0,0,7F65,0,780,FF9A,1B0C,F333,0,ED00,0,0,7F65,0,780,FF9A,1B0C,F333,0,68,743E,6,0,0,0,0,0,0,0,0,0,0,0,0,0,0,0,0,0,0,0,0,FFFF,FFFF
B24,CE_REC_EXT_MIC,0,0,5,4000,4000,0,4000,4000,422,0,0,190,0,320,320,320,0,0,7F,0,300,300,3000,0,0,7F65,0,780,FF9A,1B0C,F333,0,ED00,0,0,7F65,0,780,FF9A,1B0C,F333,0,68,743E,6,0,0,0,0,0,0,0,0,0,0,0,0,0,0,0,0,0,0,0,0,FFFF,FFFF
B25,CE_PLAYBACK_HEADSET,0,0,5,4000,2FFC,0,4000,4000,422,0,0,190,0,320,320,320,0,0,7F,0,300,300,3000,0,0,7F65,0,780,FF9A,1B0C,F333,0,ED00,0,0,7F65,0,780,FF9A,1B0C,F333,0,68,743E,6,0,0,0,0,0,0,0,0,0,0,0,0,0,0,0,0,0,0,0,0,FFFF,FFFF
B26,CE_PLAYBACK_HANDSFREE,0,0,5,4000,5900,0,4000,4000,422,0,0,190,0,320,320,320,0,0,7F,0,300,300,3000,0,0,7F65,0,780,FF9A,1B0C,F333,0,ED00,0,0,7F65,0,780,FF9A,1B0C,F333,0,68,743E,6,0,0,0,0,0,0,0,0,0,0,0,0,0,0,0,0,0,0,0,0,FFFF,FFFF
B27,CE_SYS,0,0,5,4000,4000,0,4000,4000,422,0,0,190,0,320,320,320,0,0,7F,0,300,300,3000,0,0,7F65,0,780,FF9A,1B0C,F333,0,ED00,0,0,7F65,0,780,FF9A,1B0C,F333,0,68,743E,6,0,0,0,0,0,0,0,0,0,0,0,0,0,0,0,0,0,0,0,0,FFFF,FFFF
B28,VT_HANDSFREE_VOL0,0,0,0,4000,2D4E,0,5A67,2013,422,FFFF,2,F0,F0,320,320,340,0,0,7F,0,300,300,3000,0,FFFF,3FD9,0,C80,FF9A,1D80,F333,0,ED00,0,FFFF,3FD9,0,C80,FF9A,1D80,F333,1,68,743E,6,0,FE94,FC69,FB27,FAD6,FAF4,4027,0,0,0,0,0,0,0,0,0,0,0,0,0,FFFF,FFFF
B29,VT_HANDSFREE_VOL1,0,0,1,4000,2D4E,0,5A67,2D4E,422,FFFF,2,F0,190,320,320,190,0,0,7F,0,300,300,3000,0,FFFF,3FD9,0,C80,FF9A,1D80,F333,0,ED00,0,FFFF,3FD9,0,C80,FF9A,1D80,F333,1,68,743E,6,0,FE94,FC69,FB27,FAD6,FAF4,4027,0,0,0,0,0,0,0,0,0,0,0,0,0,FFFF,FFFF
B30,VT_HANDSFREE_VOL2,0,0,2,4000,2D4E,0,5A67,4000,422,FFFF,2,190,190,320,320,F0,0,0,7F,0,300,300,3000,0,FFFF,3FD9,0,C80,FF9A,1D80,F333,0,ED00,0,FFFF,3FD9,0,C80,FF9A,1D80,F333,1,68,743E,6,0,FE94,FC69,FB27,FAD6,FAF4,4027,0,0,0,0,0,0,0,0,0,0,0,0,0,FFFF,FFFF
B31,VT_HANDSFREE_VOL3,0,0,3,4000,4000,0,5A67,4000,422,FFFF,2,190,250,320,320,F0,0,0,7F,0,300,300,3000,0,FFFF,3FD9,0,C80,FF9A,1D80,F333,0,ED00,0,FFFF,3FD9,0,C80,FF9A,1D80,F333,1,68,743E,6,0,FE94,FC69,FB27,FAD6,FAF4,4027,0,0,0,0,0,0,0,0,0,0,0,0,0,FFFF,FFFF
B32,VT_HANDSFREE_VOL4,0,0,4,4000,4000,0,5A67,5A67,422,FFFF,2,340,400,320,320,0,0,0,7F,0,300,300,3000,0,FFFF,3FD9,0,C80,FF9A,1D80,F333,0,ED00,0,FFFF,3FD9,0,C80,FF9A,1D80,F333,1,68,743E,6,0,FE94,FC69,FB27,FAD6,FAF4,4027,0,0,0,0,0,0,0,0,0,0,0,0,0,FFFF,FFFF
B33,VT_HANDSFREE_VOL5,0,0,5,4000,4000,0,5A67,7FB2,422,FFFF,2,340,450,320,320,0,0,0,7F,0,300,300,3000,0,FFFF,3FD9,0,C80,FF9A,1D80,F333,0,ED00,0,FFFF,3FD9,0,C80,FF9A,1D80,F333,1,68,743E,6,0,FE94,FC69,FB27,FAD6,FAF4,4027,0,0,0,0,0,0,0,0,0,0,0,0,0,FFFF,FFFF
C0,PHONE_HEADSET,0,0,0,0,0,0,0,0,0,0,0,0,0,0,0,0,0,0,0,0,0,0,0,0,0,0,0,0,0,0,0,0,0,0,0,0,0,0,0,0,0,0,0,0,0,0,0,0,0,0,0,0,0,0,0,0,0,0,0,0,0,0,0,0,0,0,0
C1,PHONE_HANDSFREE,0,0,0,0,0,0,0,0,0,0,0,0,0,0,0,0,0,0,0,0,0,0,0,0,0,0,0,0,0,0,0,0,0,0,0,0,0,0,0,0,0,0,0,0,0,0,0,0,0,0,0,0,0,0,0,0,0,0,0,0,0,0,0,0,0,0,0
C2,PHONE_EARCUPLE,0,0,0,0,0,0,0,0,0,0,0,0,0,0,0,0,0,0,0,0,0,0,0,0,0,0,0,0,0,0,0,0,0,0,0,0,0,0,0,0,0,0,0,0,0,0,0,0,0,0,0,0,0,0,0,0,0,0,0,0,0,0,0,0,0,0,0
C3,PHONE_BTHEADSET,0,0,0,0,0,0,0,0,0,0,0,0,0,0,0,0,0,0,0,0,0,0,0,0,0,0,0,0,0,0,0,0,0,0,0,0,0,0,0,0,0,0,0,0,0,0,0,0,0,0,0,0,0,0,0,0,0,0,0,0,0,0,0,0,0,0,0
C4,PHONE_CARKIT,0,0,0,0,0,0,0,0,0,0,0,0,0,0,0,0,0,0,0,0,0,0,0,0,0,0,0,0,0,0,0,0,0,0,0,0,0,0,0,0,0,0,0,0,0,0,0,0,0,0,0,0,0,0,0,0,0,0,0,0,0,0,0,0,0,0,0
C5,PHONE_TTY_FULL,0,0,0,0,0,0,0,0,0,0,0,0,0,0,0,0,0,0,0,0,0,0,0,0,0,0,0,0,0,0,0,0,0,0,0,0,0,0,0,0,0,0,0,0,0,0,0,0,0,0,0,0,0,0,0,0,0,0,0,0,0,0,0,0,0,0,0
C6,PHONE_TTY_VCO,0,0,0,0,0,0,0,0,0,0,0,0,0,0,0,0,0,0,0,0,0,0,0,0,0,0,0,0,0,0,0,0,0,0,0,0,0,0,0,0,0,0,0,0,0,0,0,0,0,0,0,0,0,0,0,0,0,0,0,0,0,0,0,0,0,0,0
C7,PHONE_TTY_HCO,0,0,0,0,0,0,0,0,0,0,0,0,0,0,0,0,0,0,0,0,0,0,0,0,0,0,0,0,0,0,0,0,0,0,0,0,0,0,0,0,0,0,0,0,0,0,0,0,0,0,0,0,0,0,0,0,0,0,0,0,0,0,0,0,0,0,0
C8,CE_REC_INC_MIC,0,0,0,0,0,0,0,0,0,0,0,0,0,0,0,0,0,0,0,0,0,0,0,0,0,0,0,0,0,0,0,0,0,0,0,0,0,0,0,0,0,0,0,0,0,0,0,0,0,0,0,0,0,0,0,0,0,0,0,0,0,0,0,0,0,0,0
C9,CE_REC_EXT_MIC,0,0,0,0,0,0,0,0,0,0,0,0,0,0,0,0,0,0,0,0,0,0,0,0,0,0,0,0,0,0,0,0,0,0,0,0,0,0,0,0,0,0,0,0,0,0,0,0,0,0,0,0,0,0,0,0,0,0,0,0,0,0,0,0,0,0,0
C10,CE_PLAYBACK_HEADSET,0,0,0,0,0,0,0,0,0,0,0,0,0,0,0,0,0,0,0,0,0,0,0,0,0,0,0,0,0,0,0,0,0,0,0,0,0,0,0,0,0,0,0,0,0,0,0,0,0,0,0,0,0,0,0,0,0,0,0,0,0,0,0,0,0,0,0
C11,CE_PLAYBACK_HANDSFREE,0,0,0,0,0,0,0,0,0,0,0,0,0,0,0,0,0,0,0,0,0,0,0,0,0,0,0,0,0,0,0,0,0,0,0,0,0,0,0,0,0,0,0,0,0,0,0,0,0,0,0,0,0,0,0,0,0,0,0,0,0,0,0,0,0,0,0
C12,CE_SYS,0,0,0,0,0,0,0,0,0,0,0,0,0,0,0,0,0,0,0,0,0,0,0,0,0,0,0,0,0,0,0,0,0,0,0,0,0,0,0,0,0,0,0,0,0,0,0,0,0,0,0,0,0,0,0,0,0,0,0,0,0,0,0,0,0,0,0
Header,Mode,routing_mode_config,internal_codec_config,external_codec_config,pcm_ctrl,codec_intf_ctrl,dma_path_ctrl,eight_khz_int_mode,rx_codec_stereo_config,tx_codec_stereo_config,ECNS,,,,,,,,,,,,,,,,,,,,,,,,,,,,,,,,,,,,,,,,,,,,,,,,,,,,,,,,,
D0,HTC_VOC_CODEC_EARCUPLE_VOICE,1,2,22,0,818,0,0,0,0,0,,,,,,,,,,,,,,,,,,,,,,,,,,,,,,,,,,,,,,,,,,,,,,,,,,,,,,,,,
D1,HTC_VOC_CODEC_EARCUPLE_MIDI,1,6,22,0,818,0,0,0,0,0,,,,,,,,,,,,,,,,,,,,,,,,,,,,,,,,,,,,,,,,,,,,,,,,,,,,,,,,,
D2,HTC_VOC_CODEC_SPEAKER_VOICE,1,2,22,0,818,0,0,0,0,0,,,,,,,,,,,,,,,,,,,,,,,,,,,,,,,,,,,,,,,,,,,,,,,,,,,,,,,,,
D3,HTC_VOC_CODEC_SPEAKER_MIDI,1,6,22,0,818,0,0,0,0,0,,,,,,,,,,,,,,,,,,,,,,,,,,,,,,,,,,,,,,,,,,,,,,,,,,,,,,,,,
D4,HTC_VOC_CODEC_HEADSET_VOICE,1,3,22,0,818,0,0,c,0,0,,,,,,,,,,,,,,,,,,,,,,,,,,,,,,,,,,,,,,,,,,,,,,,,,,,,,,,,,
D5,HTC_VOC_CODEC_HEADSET_MIDI,1,6,22,0,818,0,0,c,0,0,,,,,,,,,,,,,,,,,,,,,,,,,,,,,,,,,,,,,,,,,,,,,,,,,,,,,,,,,
D6,HTC_VOC_CODEC_BT_VOICE,4002,0,22,3,800,0,1,0,0,0,,,,,,,,,,,,,,,,,,,,,,,,,,,,,,,,,,,,,,,,,,,,,,,,,,,,,,,,,
D7,HTC_VOC_CODEC_BT_MIDI,4002,0,22,3,800,0,1,0,0,0,,,,,,,,,,,,,,,,,,,,,,,,,,,,,,,,,,,,,,,,,,,,,,,,,,,,,,,,,
D8,HTC_VOC_CODEC_CARKIT_VOICE,1,7,22,0,818,0,0,0,0,0,,,,,,,,,,,,,,,,,,,,,,,,,,,,,,,,,,,,,,,,,,,,,,,,,,,,,,,,,
D9,HTC_VOC_CODEC_CARKIT_MIDI,1,7,22,0,818,0,0,0,0,0,,,,,,,,,,,,,,,,,,,,,,,,,,,,,,,,,,,,,,,,,,,,,,,,,,,,,,,,,
D10,HTC_VOC_CODEC_TTY_FULL_VOICE,1,7,22,0,818,0,0,0,0,0,,,,,,,,,,,,,,,,,,,,,,,,,,,,,,,,,,,,,,,,,,,,,,,,,,,,,,,,,
D11,HTC_VOC_CODEC_TTY_FULL_MIDI,1,7,22,0,818,0,0,0,0,0,,,,,,,,,,,,,,,,,,,,,,,,,,,,,,,,,,,,,,,,,,,,,,,,,,,,,,,,,
D12,HTC_VOC_CODEC_TTY_VCO_VOICE,1,7,22,0,818,0,0,0,0,0,,,,,,,,,,,,,,,,,,,,,,,,,,,,,,,,,,,,,,,,,,,,,,,,,,,,,,,,,
D13,HTC_VOC_CODEC_TTY_VCO_MIDI,1,7,22,0,818,0,0,0,0,0,,,,,,,,,,,,,,,,,,,,,,,,,,,,,,,,,,,,,,,,,,,,,,,,,,,,,,,,,
D14,HTC_VOC_CODEC_TTY_HCO_VOICE,1,7,22,0,818,0,0,0,0,0,,,,,,,,,,,,,,,,,,,,,,,,,,,,,,,,,,,,,,,,,,,,,,,,,,,,,,,,,
D15,HTC_VOC_CODEC_TTY_HCO_MIDI,1,7,22,0,818,0,0,0,0,0,,,,,,,,,,,,,,,,,,,,,,,,,,,,,,,,,,,,,,,,,,,,,,,,,,,,,,,,,
D16,HTC_VOC_CODEC_TBD1_VOICE,1,7,22,0,818,0,0,0,0,0,,,,,,,,,,,,,,,,,,,,,,,,,,,,,,,,,,,,,,,,,,,,,,,,,,,,,,,,,
D17,HTC_VOC_CODEC_TBD1_MIDI,1,7,22,0,818,0,0,0,0,0,,,,,,,,,,,,,,,,,,,,,,,,,,,,,,,,,,,,,,,,,,,,,,,,,,,,,,,,,
D18,HTC_VOC_CODEC_TBD2_VOICE,1,7,22,0,818,0,0,0,0,0,,,,,,,,,,,,,,,,,,,,,,,,,,,,,,,,,,,,,,,,,,,,,,,,,,,,,,,,,
D19,HTC_VOC_CODEC_TBD2_MIDI,1,7,22,0,818,0,0,0,0,0,,,,,,,,,,,,,,,,,,,,,,,,,,,,,,,,,,,,,,,,,,,,,,,,,,,,,,,,,
D20,HTC_VOC_CODEC_TBD3_VOICE,1,7,22,0,818,0,0,0,0,0,,,,,,,,,,,,,,,,,,,,,,,,,,,,,,,,,,,,,,,,,,,,,,,,,,,,,,,,,
D21,HTC_VOC_CODEC_TBD3_MIDI,1,7,22,0,818,0,0,0,0,0,,,,,,,,,,,,,,,,,,,,,,,,,,,,,,,,,,,,,,,,,,,,,,,,,,,,,,,,,
D22,HTC_VOC_CODEC_TBD4_VOICE,1,7,22,0,818,0,0,0,0,0,,,,,,,,,,,,,,,,,,,,,,,,,,,,,,,,,,,,,,,,,,,,,,,,,,,,,,,,,
D23,HTC_VOC_CODEC_TBD4_MIDI,1,7,22,0,818,0,0,0,0,0,,,,,,,,,,,,,,,,,,,,,,,,,,,,,,,,,,,,,,,,,,,,,,,,,,,,,,,,,
Header,Mode,Operator ID,  Vocpath,  volume_level,codecTxGain,codecRxGain,codecSTGain,txVolume,rxVolume,pcmFormatCtrl,ecSwitch,ecMode,ecStartupMuteHangoverThres,ecFarendHangoverThres,esecDoubletalkHangoverThres,hecDoubletalkHangoverThres,aecDoubletalkHangoverThres,ecStartupMuteMode,ecMuteOverride,ecStartupErleThres,ecForceHalfDuplex,esecResetThres,hecResetThres,aecResetThres,ecInputSampOffset,rxAgcEnableFlag,compFlinkStaticGain,compFlinkAIGFlag,expFlinkThreshold,expFlinkSlope,compFlinkThreshold,compFlinkSlope,rxAvcEnableFlag,avcRlinkSensitivityOffset,avcFlinkHeadroom,txAgcEnableFlag,compRlinkStaticGain,compRlinkAIGFlag,expRlinkThreshold,expRlinkSlope,compRlinkThreshold,compRlinkSlope,nsSwitch,nsMinGain,nsSlope,nsSNRThreshold,rxPcmFiltCoeff 0,rxPcmFiltCoeff 1,rxPcmFiltCoeff 2,rxPcmFiltCoeff 3,rxPcmFiltCoeff 4,rxPcmFiltCoeff 5,rxPcmFiltCoeff 6,txPcmFiltCoeff 0,txPcmFiltCoeff 1,txPcmFiltCoeff 2,txPcmFiltCoeff 3,txPcmFiltCoeff 4,txPcmFiltCoeff 5,txPcmFiltCoeff 6,  ec_reset_flag,Reserved 2,Reserved 3,Reserved 4,Reserved 5,Reserved 6,  MCC_Val,  MNC_Val
E0,Default,0,0,5,4000,4000,0,4000,5A67,422,FFFF,0,190,0,320,320,320,0,0,7F,0,300,300,3000,0,0,7F65,0,780,FF9A,1B0C,F333,0,ED00,0,0,7F65,0,780,FF9A,1B0C,F333,1,68,743E,6,417,FC95,60,EC7D,01D8,F16B,3D23,0,0,0,0,0,0,0,0,0,0,0,0,0,FFFF,FFFF
E1,PLT 510v.D,0,0,5,4000,4000,0,4000,5A67,422,FFFF,0,190,0,1000,320,320,0,0,7F,0,300,300,3000,0,FFFF,2D33,0,C80,FF9A,1D80,F333,0,ED00,0,FFFF,3FD9,0,1180,FF9A,1B0C,F333,1,68,743E,6,0,FF80,FBDB,FCEB,E8,F0B1,3C90,0,0,0,0,0,0,0,0,0,0,0,0,0,FFFF,FFFF
E2,HTC BH S100,0,0,5,4000,4000,0,4000,5A67,422,FFFF,0,190,0,1000,320,320,0,0,7F,0,300,300,3000,0,FFFF,2D33,0,C80,FF9A,1D80,F333,0,ED00,0,FFFF,3FD9,0,C80,FF9A,1B0C,F333,1,68,743E,6,0,FF80,FBDB,FCEB,E8,F0B1,3C90,0,0,0,0,0,0,0,0,0,0,0,0,0,FFFF,FFFF
E3,Motorola H500,0,0,5,4000,4000,0,4000,47CF,422,FFFF,2,190,340,320,320,1000,0,0,7F,0,300,300,3000,0,FFFF,2D33,0,C80,FF9A,1D80,F333,0,ED00,0,FFFF,3FD9,0,F00,FF9A,1B0C,F333,1,68,743E,6,0,FF21,FD5D,FB9C,FA19,F8A4,3C90,0,0,0,0,0,0,0,0,0,0,0,0,0,FFFF,FFFF
E4,Motorola HS 850,0,0,5,4000,4000,0,4000,5A67,422,FFFF,0,190,0,320,320,1000,0,0,7F,0,300,300,3000,0,FFFF,2D33,0,C80,FF9A,1D80,F333,0,ED00,0,FFFF,3FD9,0,C80,FF9A,1B0C,F333,1,68,743E,6,0,FF21,FD5D,FB9C,FA19,F8A4,3C90,0,0,0,0,0,0,0,0,0,0,0,0,0,FFFF,FFFF,,,,,,,,,,,,,,,,,,,,,,,,,,,,,,,,,,,,,,,,,,,,,,,,,,,,,,,,,,,,,,,,,,,,,,,,,,,,,,,,,,,,,,,
E5,Jabra BT 250v,0,0,5,4000,4000,0,4000,4000,422,FFFF,0,190,0,320,320,1000,0,0,7F,0,300,300,3000,0,FFFF,2D33,0,C80,FF9A,1D80,F333,0,ED00,0,FFFF,3FD9,0,C80,FF9A,1B0C,F333,1,68,743E,6,0,FF21,FD5D,FB9C,FA19,F8A4,3C90,0,0,0,0,0,0,0,0,0,0,0,0,0,FFFF,FFFF,,,,,,,,,,,,,,,,,,,,,,,,,,,,,,,,,,,,,,,,,,,,,,,,,,,,,,,,,,,,,,,,,,,,,,,,,,,,,,,,,,,,,,,
E6,HBH-662,0,0,5,4000,4000,0,4000,7FB2,422,FFFF,0,190,0,320,320,1000,0,0,7F,0,300,300,3000,0,FFFF,2D33,0,C80,FF9A,1D80,F333,0,ED00,0,FFFF,3FD9,0,F00,FF9A,1B0C,F333,1,68,743E,6,0,FF21,FD5D,FB9C,FA19,F8A4,3C90,0,0,0,0,0,0,0,0,0,0,0,0,0,FFFF,FFFF,,,,,,,,,,,,,,,,,,,,,,,,,,,,,,,,,,,,,,,,,,,,,,,,,,,,,,,,,,,,,,,,,,,,,,,,,,,,,,,,,,,,,,,
E7,HBH-610,0,0,5,4000,4000,0,4000,4000,422,FFFF,0,190,0,320,320,1000,0,0,7F,0,300,300,3000,0,FFFF,2D33,0,C80,FF9A,1D80,F333,0,ED00,0,FFFF,3FD9,0,F00,FF9A,1B0C,F333,1,68,743E,6,0,FF21,FD5D,FB9C,FA19,F8A4,3C90,0,0,0,0,0,0,0,0,0,0,0,0,0,FFFF,FFFF,,,,,,,,,,,,,,,,,,,,,,,,,,,,,,,,,,,,,,,,,,,,,,,,,,,,,,,,,,,,,,,,,,,,,,,,,,,,,,,,,,,,,,,
E8,Motorola HS820,0,0,5,4000,4000,0,5A67,7FB2,422,FFFF,2,190,320,320,320,1000,0,0,7F,0,300,300,3000,0,FFFF,2D33,0,C80,FF9A,1D80,F333,0,ED00,0,FFFF,3FD9,0,F00,FF9A,1B0C,F333,1,68,743E,6,0,FF21,FD5D,FB9C,FA19,F8A4,3C90,0,0,0,0,0,0,0,0,0,0,0,0,0,FFFF,FFFF,,,,,,,,,,,,,,,,,,,,,,,,,,,,,,,,,,,,,,,,,,,,,,,,,,,,,,,,,,,,,,,,,,,,,,,,,,,,,,,,,,,,,,,
E9,Nokia HS-36W,0,0,5,4000,4000,0,4000,71CF,422,FFFF,0,190,0,320,320,1000,0,0,7F,0,300,300,3000,0,FFFF,2D33,0,C80,FF9A,1D80,F333,0,ED00,0,FFFF,3FD9,0,1180,FF9A,1B0C,F333,1,68,743E,6,0,FF21,FD5D,FB9C,FA19,F8A4,3C90,0,0,0,0,0,0,0,0,0,0,0,0,0,FFFF,FFFF,,,,,,,,,,,,,,,,,,,,,,,,,,,,,,,,,,,,,,,,,,,,,,,,,,,,,,,,,,,,,,,,,,,,,,,,,,,,,,,,,,,,,,,
E10,M2500 by Plantronics,0,0,5,4000,4000,0,4000,5092,422,FFFF,2,190,1000,320,320,1000,0,0,7F,0,300,300,3000,0,FFFF,2D33,0,C80,FF9A,1D80,F333,0,ED00,0,0,3FD9,0,1180,FF9A,1B0C,F333,1,68,743E,6,0,FF3D,FC7B,FB3A,FAA2,FE17,3C90,0,0,0,0,0,0,0,0,0,0,0,0,0,FFFF,FFFF,,,,,,,,,,,,,,,,,,,,,,,,,,,,,,,,,,,,,,,,,,,,,,,,,,,,,,,,,,,,,,,,,,,,,,,,,,,,,,,,,,,,,,,
E11,Motorola H700,0,0,5,4000,4000,0,5A67,5A67,422,0,0,190,0,320,320,1000,0,0,7F,0,300,300,3000,0,0,2D33,0,C80,FF9A,1D80,F333,0,ED00,0,0,3FD9,0,1180,FF9A,1B0C,F333,1,68,743E,6,0,FF21,FD5D,FB9C,FA19,F8A4,3C90,0,0,0,0,0,0,0,0,0,0,0,0,0,FFFF,FFFF,,,,,,,,,,,,,,,,,,,,,,,,,,,,,,,,,,,,,,,,,,,,,,,,,,,,,,,,,,,,,,,,,,,,,,,,,,,,,,,,,,,,,,,
E12,HTC BH M100,0,0,5,4000,4000,0,2D4E,4000,422,FFFF,2,190,F0,320,320,320,0,0,7F,0,300,300,3000,0,FFFF,3FD9,0,C80,FF9A,1D80,F333,0,ED00,0,FFFF,3FD9,0,1180,FF9A,1B0C,F333,1,68,743E,6,417,FC95,60,EC7D,01D8,F16B,3D23,0,0,0,0,0,0,0,0,0,0,0,0,0,FFFF,FFFF,,,,,,,,,,,,,,,,,,,,,,,,,,,,,,,,,,,,,,,,,,,,,,,,,,,,,,,,,,,,,,,,,,,,,,,,,,,,,,,,,,,,,,,
Header,Mode,  volume_level,codecTxGain,codecRxGain,codecSTGain,txVolume,rxVolume,rxAgcEnableFlag,compFlinkStaticGain,compFlinkAIGFlag,expFlinkThreshold,expFlinkSlope,compFlinkThreshold,compFlinkSlope,comFlinkRmsTav,compFlinkReleaseK,compFlinkAIGMin,compFlinkAIGMax,rxAvcEnableFlag,avcRlinkSensitivityOffset,avcFlinkHeadroom,txAgcEnableFlag,compRlinkStaticGain,compRlinkAIGFlag,expRlinkThreshold,expRlinkSlope,compRlinkThreshold,compRlinkSlope,comRlinkRmsTav,compRlinkReleaseK,compRlinkAIGMin,compRlinkAIGMax,NLPP_limit,NLPP_gain,AF_limit,HS mode,Tuning mode,echo_path_delay,OutputGain,InputGain,AF_twoalpha,AF_erl,AF_taps,AF_present_coefs,AF_offset,AF_erl_bg,AF_taps_bg,PCD_threshold,minimum_erl,erl_step,max_noise_floor,Det_threshold,SPDET_Far,SPDET_mic,SPDET_xclip,DENS_tail_alpha,DENS_tail_portion,DENS_gamma_e_alpha,DENS_gamma_e_dt,DENS_gamma_e_low,DENS_gamma_e_rescue,DENS_gamma_e_high,DENS_spdet_near,DENS_spdet_act,DENS_gamma_n,DENS_NFE_blocksize,DENS_limit_NS,DENS_NL_atten,DENS_CNI_Level,WB_echo_ratio,rxPcmFiltEnableFlag,rxPcmFiltCoeff 0,rxPcmFiltCoeff 1,rxPcmFiltCoeff 2,rxPcmFiltCoeff 3,rxPcmFiltCoeff 4,rxPcmFiltCoeff 5,rxPcmFiltCoeff 6,txPcmFiltEnableFlag,txPcmFiltCoeff 0,txPcmFiltCoeff 1,txPcmFiltCoeff 2,txPcmFiltCoeff 3,txPcmFiltCoeff 4,txPcmFiltCoeff 5,txPcmFiltCoeff 6,rxiirFiltNumCoeff 0,rxiirFiltNumCoeff 1,rxiirFiltNumCoeff 2,rxiirFiltNumCoeff 3,rxiirFiltNumCoeff 4,rxiirFiltNumCoeff 5,rxiirFiltNumCoeff 6,rxiirFiltNumCoeff 7,rxiirFiltNumCoeff 8,rxiirFiltNumCoeff 9,rxiirFiltNumCoeff 10,rxiirFiltNumCoeff 11,rxiirFiltNumCoeff 12,rxiirFiltNumCoeff 13,rxiirFiltNumCoeff 14,rxiirFiltNumCoeff 15,rxiirFiltNumCoeff 16,rxiirFiltNumCoeff 17,rxiirFiltDenCoeff 0,rxiirFiltDenCoeff 1,rxiirFiltDenCoeff 2,rxiirFiltDenCoeff 3,rxiirFiltDenCoeff 4,rxiirFiltDenCoeff 5,rxiirFiltDenCoeff 6,rxiirFiltDenCoeff 7,rxiirFiltDenCoeff 8,rxiirFiltDenCoeff 9,rxiirFiltDenCoeff 10,rxiirFiltDenCoeff 11,rxiirFiltNumShiftFactor 0,rxiirFiltNumShiftFactor 1,rxiirFiltNumShiftFactor 2,rxiirFiltNumShiftFactor 3,txiirFiltNumCoeff 0,txiirFiltNumCoeff 1,txiirFiltNumCoeff 2,txiirFiltNumCoeff 3,txiirFiltNumCoeff 4,txiirFiltNumCoeff 5,txiirFiltNumCoeff 6,txiirFiltNumCoeff 7,txiirFiltNumCoeff 8,txiirFiltNumCoeff 9,txiirFiltNumCoeff 10,txiirFiltNumCoeff 11,txiirFiltNumCoeff 12,txiirFiltNumCoeff 13,txiirFiltNumCoeff 14,txiirFiltNumCoeff 15,txiirFiltNumCoeff 16,txiirFiltNumCoeff 17,txiirFiltDenCoeff 0,txiirFiltDenCoeff 1,txiirFiltDenCoeff 2,txiirFiltDenCoeff 3,txiirFiltDenCoeff 4,txiirFiltDenCoeff 5,txiirFiltDenCoeff 6,txiirFiltDenCoeff 7,txiirFiltDenCoeff 8,txiirFiltDenCoeff 9,txiirFiltDenCoeff 10,txiirFiltDenCoeff 11,txiirFiltNumShiftFactor 0,txiirFiltNumShiftFactor 1,txiirFiltNumShiftFactor 2,txiirFiltNumShiftFactor 3,  ecparameterupdated
F0,PHONE_HEADSET_VOL0,0,4000,197A,0,7FB2,2013,FFFF,2D33,0,C80,FF9A,1F00,F333,01EC,FFEE,200A,7F65,0,ED00,0,0,3FD9,0,C80,FF9A,1B0C,F333,01EC,FFEE,200A,7F65,7fff,800,7fff,149f,0,14,800,2000,2000,fa,46,2,2ff,40,20,4650,40,41a0,800,63,4DFF,4DFF,2,3F00,7D0,0,0,100,100,200,50,300,150,64,1ca8,1c2,2ee0,fa0,0,0,FF68,FB13,FC56,114,EDCE,47FB,0,0,0,0,0,0,0,0,0,0,0,0,0,0,0,0,0,0,0,0,0,0,0,0,0,0,0,0,0,0,0,0,0,0,0,0,0,0,2,2,2,2,0,0,0,0,0,0,0,0,0,0,0,0,0,0,0,0,0,0,0,0,0,0,0,0,0,0,0,0,0,0,2,2,2,2,FFFF
F1,PHONE_HEADSET_VOL1,1,4000,2861,0,7FB2,2013,FFFF,2D33,0,C80,FF9A,1F00,F333,01EC,FFEE,200A,7F65,0,ED00,0,0,3FD9,0,C80,FF9A,1B0C,F333,01EC,FFEE,200A,7F65,7fff,800,7fff,149f,0,14,800,2000,2000,fa,46,2,2ff,40,20,4650,40,41a0,800,63,4DFF,4DFF,2,3F00,7D0,0,0,100,100,200,50,300,150,64,1ca8,1c2,2ee0,fa0,0,0,FF68,FB13,FC56,114,EDCE,47FB,0,0,0,0,0,0,0,0,0,0,0,0,0,0,0,0,0,0,0,0,0,0,0,0,0,0,0,0,0,0,0,0,0,0,0,0,0,0,2,2,2,2,0,0,0,0,0,0,0,0,0,0,0,0,0,0,0,0,0,0,0,0,0,0,0,0,0,0,0,0,0,0,2,2,2,2,FFFF
F2,PHONE_HEADSET_VOL2,2,4000,4000,0,7FB2,2013,FFFF,2D33,0,C80,FF9A,1F00,F333,01EC,FFEE,200A,7F65,0,ED00,0,0,3FD9,0,C80,FF9A,1B0C,F333,01EC,FFEE,200A,7F65,7fff,800,7fff,149f,0,14,800,2000,2000,fa,46,2,2ff,40,20,4650,40,41a0,800,63,4DFF,4DFF,2,3F00,7D0,0,0,100,100,200,50,300,150,64,1ca8,1c2,2ee0,fa0,0,0,FF68,FB13,FC56,114,EDCE,47FB,0,0,0,0,0,0,0,0,0,0,0,0,0,0,0,0,0,0,0,0,0,0,0,0,0,0,0,0,0,0,0,0,0,0,0,0,0,0,2,2,2,2,0,0,0,0,0,0,0,0,0,0,0,0,0,0,0,0,0,0,0,0,0,0,0,0,0,0,0,0,0,0,2,2,2,2,FFFF
F3,PHONE_HEADSET_VOL3,3,4000,4000,0,7FB2,32D6,FFFF,2D33,0,C80,FF9A,1F00,F333,01EC,FFEE,200A,7F65,0,ED00,0,0,3FD9,0,C80,FF9A,1B0C,F333,01EC,FFEE,200A,7F65,7fff,800,7fff,149f,0,14,800,2000,2000,fa,46,2,2ff,40,20,4650,40,41a0,800,63,4DFF,4DFF,2,3F00,7D0,0,0,100,100,200,50,300,150,64,1ca8,1c2,2ee0,fa0,0,0,FF68,FB13,FC56,114,EDCE,47FB,0,0,0,0,0,0,0,0,0,0,0,0,0,0,0,0,0,0,0,0,0,0,0,0,0,0,0,0,0,0,0,0,0,0,0,0,0,0,2,2,2,2,0,0,0,0,0,0,0,0,0,0,0,0,0,0,0,0,0,0,0,0,0,0,0,0,0,0,0,0,0,0,2,2,2,2,FFFF
F4,PHONE_HEADSET_VOL4,4,4000,4000,0,7FB2,5092,FFFF,2D33,0,C80,FF9A,1F00,F333,01EC,FFEE,200A,7F65,0,ED00,0,0,3FD9,0,C80,FF9A,1B0C,F333,01EC,FFEE,200A,7F65,7fff,800,7fff,149f,0,14,800,2000,2000,fa,46,2,2ff,40,20,4650,40,41a0,800,63,4DFF,4DFF,2,3F00,7D0,0,0,100,100,200,50,300,200,64,1ca8,1c2,2ee0,fa0,0,0,FF68,FB13,FC56,114,EDCE,47FB,0,0,0,0,0,0,0,0,0,0,0,0,0,0,0,0,0,0,0,0,0,0,0,0,0,0,0,0,0,0,0,0,0,0,0,0,0,0,2,2,2,2,0,0,0,0,0,0,0,0,0,0,0,0,0,0,0,0,0,0,0,0,0,0,0,0,0,0,0,0,0,0,2,2,2,2,FFFF
F5,PHONE_HEADSET_VOL5,5,4000,4000,0,7FB2,7FB2,FFFF,2D33,0,C80,FF9A,1F00,F333,01EC,FFEE,200A,7F65,0,ED00,0,0,3FD9,0,C80,FF9A,1B0C,F333,01EC,FFEE,200A,7F65,7fff,800,7fff,149f,0,14,800,2000,2000,fa,46,2,2ff,40,20,4650,40,41a0,800,63,4DFF,4DFF,2,3F00,7D0,0,0,100,100,200,50,300,200,64,1ca8,1c2,2ee0,fa0,0,0,FF68,FB13,FC56,114,EDCE,47FB,0,0,0,0,0,0,0,0,0,0,0,0,0,0,0,0,0,0,0,0,0,0,0,0,0,0,0,0,0,0,0,0,0,0,0,0,0,0,2,2,2,2,0,0,0,0,0,0,0,0,0,0,0,0,0,0,0,0,0,0,0,0,0,0,0,0,0,0,0,0,0,0,2,2,2,2,FFFF
F6,PHONE_HANDSFREE_VOL0,0,4000,4000,0,7FB2,2861,FFFF,3FD9,0,C80,FF9A,2080,F333,01EC,FFEE,200A,7F65,0,ED00,0,FFFF,3FD9,0,1180,FF9A,2080,F333,01EC,FFEE,200A,7F65,6000,800,7fff,179f,0,14,2000,2000,2000,80,C8,2,190,40,20,4650,40,41a0,800,63,4DFF,4DFF,2,3600,7D0,0,C8,100,100,200,150,300,200,64,1ca8,200,800,fa0,0,0,FF45,FCA9,F860,F776,FD6D,43F4,0,0,0,0,0,0,0,0,0,0,0,0,0,0,0,0,0,0,0,0,0,0,0,0,0,0,0,0,0,0,0,0,0,0,0,0,0,0,2,2,2,2,0,0,0,0,0,0,0,0,0,0,0,0,0,0,0,0,0,0,0,0,0,0,0,0,0,0,0,0,0,0,2,2,2,2,FFFF
F7,PHONE_HANDSFREE_VOL1,1,4000,4000,0,7FB2,390A,FFFF,3FD9,0,C80,FF9A,2080,F333,01EC,FFEE,200A,7F65,0,ED00,0,FFFF,3FD9,0,1180,FF9A,2080,F333,01EC,FFEE,200A,7F65,6000,800,7fff,179f,0,14,2000,2000,2000,80,C8,2,190,40,20,4650,40,41a0,800,63,4DFF,4DFF,2,3600,7D0,0,C8,100,100,200,150,300,200,64,1ca8,200,800,fa0,0,0,FF45,FCA9,F860,F776,FD6D,43F4,0,0,0,0,0,0,0,0,0,0,0,0,0,0,0,0,0,0,0,0,0,0,0,0,0,0,0,0,0,0,0,0,0,0,0,0,0,0,2,2,2,2,0,0,0,0,0,0,0,0,0,0,0,0,0,0,0,0,0,0,0,0,0,0,0,0,0,0,0,0,0,0,2,2,2,2,FFFF
F8,PHONE_HANDSFREE_VOL2,2,4000,4000,0,7FB2,5092,FFFF,3FD9,0,C80,FF9A,2080,F333,01EC,FFEE,200A,7F65,0,ED00,0,FFFF,3FD9,0,1180,FF9A,2080,F333,01EC,FFEE,200A,7F65,6000,800,7fff,179f,0,14,2000,2000,2000,80,C8,2,190,40,20,4650,40,41a0,800,63,4DFF,4DFF,2,3F00,7D0,0,C8,100,100,200,150,300,200,64,1ca8,200,800,fa0,0,0,FF45,FCA9,F860,F776,FD6D,43F4,0,0,0,0,0,0,0,0,0,0,0,0,0,0,0,0,0,0,0,0,0,0,0,0,0,0,0,0,0,0,0,0,0,0,0,0,0,0,2,2,2,2,0,0,0,0,0,0,0,0,0,0,0,0,0,0,0,0,0,0,0,0,0,0,0,0,0,0,0,0,0,0,2,2,2,2,FFFF
F9,PHONE_HANDSFREE_VOL3,3,4000,4000,0,7FB2,71CF,FFFF,3FD9,0,C80,FF9A,2080,F333,01EC,FFEE,200A,7F65,0,ED00,0,FFFF,3FD9,0,1180,FF9A,2080,F333,01EC,FFEE,200A,7F65,6000,800,7fff,179f,0,14,2000,2000,2000,80,C8,2,190,40,20,4650,40,41a0,800,63,4DFF,4DFF,2,4000,7D0,0,100,100,100,300,150,300,200,64,1ca8,300,800,fa0,0,0,FF45,FCA9,F860,F776,FD6D,43F4,0,0,0,0,0,0,0,0,0,0,0,0,0,0,0,0,0,0,0,0,0,0,0,0,0,0,0,0,0,0,0,0,0,0,0,0,0,0,2,2,2,2,0,0,0,0,0,0,0,0,0,0,0,0,0,0,0,0,0,0,0,0,0,0,0,0,0,0,0,0,0,0,2,2,2,2,FFFF
F10,PHONE_HANDSFREE_VOL4,4,4000,4000,0,7FB2,A0C2,FFFF,3FD9,0,C80,FF9A,2080,F333,01EC,FFEE,200A,7F65,0,ED00,0,FFFF,3FD9,0,1180,FF9A,2080,F333,01EC,FFEE,200A,7F65,32F4,800,7fff,179f,0,14,2000,2000,2000,80,C8,2,190,40,20,4650,40,41a0,800,63,4DFF,4DFF,2,4A38,7D0,0,100,100,200,300,200,300,258,64,1ca8,800,800,fa0,0,0,FF45,FCA9,F860,F776,FD6D,43F4,0,0,0,0,0,0,0,0,0,0,0,0,0,0,0,0,0,0,0,0,0,0,0,0,0,0,0,0,0,0,0,0,0,0,0,0,0,0,2,2,2,2,0,0,0,0,0,0,0,0,0,0,0,0,0,0,0,0,0,0,0,0,0,0,0,0,0,0,0,0,0,0,2,2,2,2,FFFF
F11,PHONE_HANDSFREE_VOL5,5,4000,4000,0,7FB2,E314,FFFF,3FD9,0,C80,FF9A,2080,F333,01EC,FFEE,200A,7F65,0,ED00,0,FFFF,3FD9,0,1180,FF9A,2080,F333,01EC,FFEE,5A67,7F65,32F4,800,7fff,179f,0,14,2000,2000,2000,80,C8,2,190,40,20,4650,40,41a0,800,63,4DFF,4DFF,2,4A38,7D0,0,100,100,200,300,200,300,258,64,1ca8,900,800,fa0,0,0,FF45,FCA9,F860,F776,FD6D,43F4,0,0,0,0,0,0,0,0,0,0,0,0,0,0,0,0,0,0,0,0,0,0,0,0,0,0,0,0,0,0,0,0,0,0,0,0,0,0,2,2,2,2,0,0,0,0,0,0,0,0,0,0,0,0,0,0,0,0,0,0,0,0,0,0,0,0,0,0,0,0,0,0,2,2,2,2,FFFF
F12,PHONE_EARCUPLE_VOL0,0,4000,197A,0,5092,2013,FFFF,2D33,0,A00,FF9A,1F00,F333,01EC,FFEE,200A,7F65,0,ED00,0,FFFF,2D33,0,780,FF9A,2080,F333,01EC,FFEE,200A,7F65,7fff,800,7fff,149f,0,14,1000,1500,2000,fa,46,2,2ff,40,20,4650,40,41a0,800,63,4DFF,4DFF,2,3600,7D0,0,0,100,100,200,50,300,150,64,1388,100,2ee0,fa0,FFFF,0,FF80,FBDB,FCEB,E8,F0B1,3C90,0,0,0,0,0,0,0,0,0,0,0,0,0,0,0,0,0,0,0,0,0,0,0,0,0,0,0,0,0,0,0,0,0,0,0,0,0,0,2,2,2,2,0,0,0,0,0,0,0,0,0,0,0,0,0,0,0,0,0,0,0,0,0,0,0,0,0,0,0,0,0,0,2,2,2,2,FFFF
F13,PHONE_EARCUPLE_VOL1,1,4000,2861,0,5092,2013,FFFF,2D33,0,A00,FF9A,1F00,F333,01EC,FFEE,200A,7F65,0,ED00,0,FFFF,2D33,0,780,FF9A,2080,F333,01EC,FFEE,200A,7F65,7fff,800,7fff,149f,0,14,1000,1500,2000,fa,46,2,2ff,40,20,4650,40,41a0,800,63,4DFF,4DFF,2,3600,7D0,0,0,100,100,200,50,300,150,64,1388,100,2ee0,fa0,FFFF,0,FF80,FBDB,FCEB,E8,F0B1,3C90,0,0,0,0,0,0,0,0,0,0,0,0,0,0,0,0,0,0,0,0,0,0,0,0,0,0,0,0,0,0,0,0,0,0,0,0,0,0,2,2,2,2,0,0,0,0,0,0,0,0,0,0,0,0,0,0,0,0,0,0,0,0,0,0,0,0,0,0,0,0,0,0,2,2,2,2,FFFF
F14,PHONE_EARCUPLE_VOL2,2,4000,4000,0,5092,2013,FFFF,2D33,0,A00,FF9A,1F00,F333,01EC,FFEE,200A,7F65,0,ED00,0,FFFF,2D33,0,780,FF9A,2080,F333,01EC,FFEE,200A,7F65,7fff,800,7fff,149f,0,14,1000,1500,2000,fa,46,2,2ff,40,20,4650,40,41a0,800,63,4DFF,4DFF,2,3600,7D0,0,0,100,100,200,50,300,150,64,1388,100,2ee0,fa0,FFFF,0,FF80,FBDB,FCEB,E8,F0B1,3C90,0,0,0,0,0,0,0,0,0,0,0,0,0,0,0,0,0,0,0,0,0,0,0,0,0,0,0,0,0,0,0,0,0,0,0,0,0,0,2,2,2,2,0,0,0,0,0,0,0,0,0,0,0,0,0,0,0,0,0,0,0,0,0,0,0,0,0,0,0,0,0,0,2,2,2,2,FFFF
F15,PHONE_EARCUPLE_VOL3,3,4000,4000,0,5092,32D6,FFFF,2D33,0,A00,FF9A,1F00,F333,01EC,FFEE,200A,7F65,0,ED00,0,FFFF,2D33,0,780,FF9A,2080,F333,01EC,FFEE,200A,7F65,7fff,800,7fff,149f,0,14,1000,1500,2000,fa,46,2,2ff,40,20,4650,40,41a0,800,63,4DFF,4DFF,2,3600,7D0,0,0,100,100,200,50,300,150,64,1388,100,2ee0,fa0,FFFF,0,FF80,FBDB,FCEB,E8,F0B1,3C90,0,0,0,0,0,0,0,0,0,0,0,0,0,0,0,0,0,0,0,0,0,0,0,0,0,0,0,0,0,0,0,0,0,0,0,0,0,0,2,2,2,2,0,0,0,0,0,0,0,0,0,0,0,0,0,0,0,0,0,0,0,0,0,0,0,0,0,0,0,0,0,0,2,2,2,2,FFFF
F16,PHONE_EARCUPLE_VOL4,4,4000,4000,0,5092,5092,FFFF,2D33,0,A00,FF9A,1F00,F333,01EC,FFEE,200A,7F65,0,ED00,0,FFFF,2D33,0,780,FF9A,2080,F333,01EC,FFEE,200A,7F65,7fff,800,7fff,149f,0,14,1000,1500,2000,fa,46,2,2ff,40,20,4650,40,41a0,800,63,4DFF,4DFF,2,3F00,7D0,0,0,100,200,200,50,300,200,64,1388,1c2,2ee0,fa0,FFFF,0,FF80,FBDB,FCEB,E8,F0B1,3C90,0,0,0,0,0,0,0,0,0,0,0,0,0,0,0,0,0,0,0,0,0,0,0,0,0,0,0,0,0,0,0,0,0,0,0,0,0,0,2,2,2,2,0,0,0,0,0,0,0,0,0,0,0,0,0,0,0,0,0,0,0,0,0,0,0,0,0,0,0,0,0,0,2,2,2,2,FFFF
F17,PHONE_EARCUPLE_VOL5,5,4000,4000,0,5092,7FB2,FFFF,2D33,0,A00,FF9A,1F00,F333,01EC,FFEE,200A,7F65,0,ED00,0,FFFF,2D33,0,780,FF9A,2080,F333,01EC,FFEE,200A,7F65,7fff,800,7fff,149f,0,14,1000,1500,2000,fa,46,2,2ff,40,20,4650,40,41a0,800,63,4DFF,4DFF,2,3F00,7D0,0,0,100,200,200,50,300,200,64,1388,1c2,2ee0,fa0,FFFF,0,FF80,FBDB,FCEB,E8,F0B1,3C90,0,0,0,0,0,0,0,0,0,0,0,0,0,0,0,0,0,0,0,0,0,0,0,0,0,0,0,0,0,0,0,0,0,0,0,0,0,0,2,2,2,2,0,0,0,0,0,0,0,0,0,0,0,0,0,0,0,0,0,0,0,0,0,0,0,0,0,0,0,0,0,0,2,2,2,2,FFFF
F18,PHONE_BTHEADSET,5,4000,4000,0,7FB2,7FB2,0,2D33,0,C80,FF1A,1D80,F333,01EC,FFEE,200A,7F65,0,ED00,0,0,3FD9,0,C80,FF1A,1B0C,F333,01EC,FFEE,200A,7F65,7fff,800,7fff,179f,0,20,800,2000,2000,fa,C8,1,190,40,20,3977,40,408A,800,63,4DFF,4DFF,2,5208,1F40,0,106,161,800,200,1912,300,258,32,1ca8,C8,2D55,100,0,0,FF80,FBDB,FCEB,E8,F0B1,3C90,0,0,0,0,0,0,0,0,0,0,0,0,0,0,0,0,0,0,0,0,0,0,0,0,0,0,0,0,0,0,0,0,0,0,0,0,0,0,2,2,2,2,0,0,0,0,0,0,0,0,0,0,0,0,0,0,0,0,0,0,0,0,0,0,0,0,0,0,0,0,0,0,2,2,2,2,FFFF
F19,PHONE_CARKIT,5,4000,4000,0,7FB2,5A67,0,7F65,0,780,FF9A,1B0C,F333,01EC,FFEE,200A,7F65,0,ED00,0,0,7F65,0,780,FF9A,1B0C,F333,01EC,FFEE,200A,7F65,7fff,800,7fff,149f,0,14,800,2000,2000,fa,46,1,2ff,40,20,4650,40,41a0,800,63,4DFF,4DFF,1,4a38,1770,0,100,100,400,200,400,300,258,190,1ca8,1c2,2ee0,fa0,0,417,FC95,60,EC7D,01D8,F16B,3D23,0,0,0,0,0,0,0,0,0,0,0,0,0,0,0,0,0,0,0,0,0,0,0,0,0,0,0,0,0,0,0,0,0,0,0,0,0,0,2,2,2,2,0,0,0,0,0,0,0,0,0,0,0,0,0,0,0,0,0,0,0,0,0,0,0,0,0,0,0,0,0,0,2,2,2,2,FFFF
F20,PHONE_TTY_FULL,0,4000,4000,0,4000,4000,0,7F65,0,780,FF9A,1B0C,F333,01EC,FFEE,200A,7F65,0,ED00,0,0,7F65,0,780,FF9A,1B0C,F333,01EC,FFEE,200A,7F65,7fff,800,7fff,0,0,14,800,2000,2000,fa,46,1,2ff,40,20,4650,40,41a0,800,63,4DFF,4DFF,1,4a38,1770,0,100,100,400,200,400,300,258,190,1ca8,1c2,2ee0,fa0,0,4000,0,0,0,0,0,0,0,91,316,400,FF03,17BF,3C90,0,0,0,0,0,0,0,0,0,0,0,0,0,0,0,0,0,0,0,0,0,0,0,0,0,0,0,0,0,0,0,2,2,2,2,0,0,0,0,0,0,0,0,0,0,0,0,0,0,0,0,0,0,0,0,0,0,0,0,0,0,0,0,0,0,2,2,2,2,FFFF
F21,PHONE_TTY_VCO,0,4000,2600,0,4000,4000,0,7F65,0,780,FF9A,1B0C,F333,01EC,FFEE,200A,7F65,0,ED00,0,0,7F65,0,780,FF9A,1B0C,F333,01EC,FFEE,200A,7F65,7fff,800,7fff,0,0,14,800,2000,2000,fa,46,1,2ff,40,20,4650,40,41a0,800,63,4DFF,4DFF,1,4a38,1770,0,100,100,400,200,400,300,258,190,1ca8,1c2,2ee0,fa0,0,0,0,0,0,0,0,0,0,0,0,0,0,0,0,0,0,0,0,0,0,0,0,0,0,0,0,0,0,0,0,0,0,0,0,0,0,0,0,0,0,0,0,0,0,0,2,2,2,2,0,0,0,0,0,0,0,0,0,0,0,0,0,0,0,0,0,0,0,0,0,0,0,0,0,0,0,0,0,0,2,2,2,2,FFFF
F22,PHONE_TTY_HCO,0,4000,4000,0,4000,5A67,0,7F65,0,780,FF9A,1B0C,F333,01EC,FFEE,200A,7F65,0,ED00,0,0,7F65,0,780,FF9A,1B0C,F333,01EC,FFEE,200A,7F65,7fff,800,7fff,0,0,14,800,2000,2000,fa,46,1,2ff,40,20,4650,40,41a0,800,63,4DFF,4DFF,1,4a38,1770,0,100,100,400,200,400,300,258,190,1ca8,1c2,2ee0,fa0,0,FB93,FBF6,F2C6,FDCC,93,141F,382A,0,0,0,0,0,0,0,0,0,0,0,0,0,0,0,0,0,0,0,0,0,0,0,0,0,0,0,0,0,0,0,0,0,0,0,0,0,0,2,2,2,2,0,0,0,0,0,0,0,0,0,0,0,0,0,0,0,0,0,0,0,0,0,0,0,0,0,0,0,0,0,0,2,2,2,2,FFFF
F23,CE_REC_INC_MIC,5,4000,4000,0,4000,4000,0,7F65,0,780,FF9A,1B0C,F333,01EC,FFEE,200A,7F65,0,ED00,0,0,7F65,0,780,FF9A,1B0C,F333,01EC,FFEE,200A,7F65,7fff,800,7fff,0,0,14,800,2000,2000,fa,46,1,2ff,40,20,4650,40,41a0,800,63,4DFF,4DFF,1,4a38,1770,0,100,100,400,200,400,300,258,190,1ca8,1c2,2ee0,fa0,0,0,0,0,0,0,0,0,0,0,0,0,0,0,0,0,0,0,0,0,0,0,0,0,0,0,0,0,0,0,0,0,0,0,0,0,0,0,0,0,0,0,0,0,0,0,2,2,2,2,0,0,0,0,0,0,0,0,0,0,0,0,0,0,0,0,0,0,0,0,0,0,0,0,0,0,0,0,0,0,2,2,2,2,FFFF
F24,CE_REC_EXT_MIC,5,4000,4000,0,4000,4000,0,7F65,0,780,FF9A,1B0C,F333,01EC,FFEE,200A,7F65,0,ED00,0,0,7F65,0,780,FF9A,1B0C,F333,01EC,FFEE,200A,7F65,7fff,800,7fff,0,0,14,800,2000,2000,fa,46,1,2ff,40,20,4650,40,41a0,800,63,4DFF,4DFF,1,4a38,1770,0,100,100,400,200,400,300,258,190,1ca8,1c2,2ee0,fa0,0,0,0,0,0,0,0,0,0,0,0,0,0,0,0,0,0,0,0,0,0,0,0,0,0,0,0,0,0,0,0,0,0,0,0,0,0,0,0,0,0,0,0,0,0,0,2,2,2,2,0,0,0,0,0,0,0,0,0,0,0,0,0,0,0,0,0,0,0,0,0,0,0,0,0,0,0,0,0,0,2,2,2,2,FFFF
F25,CE_PLAYBACK_HEADSET,5,4000,2FFC,0,4000,4000,0,7F65,0,780,FF9A,1B0C,F333,01EC,FFEE,200A,7F65,0,ED00,0,0,7F65,0,780,FF9A,1B0C,F333,01EC,FFEE,200A,7F65,7fff,800,7fff,0,0,14,800,2000,2000,fa,46,1,2ff,40,20,4650,40,41a0,800,63,4DFF,4DFF,1,4a38,1770,0,100,100,400,200,400,300,258,190,1ca8,1c2,2ee0,fa0,0,0,0,0,0,0,0,0,0,0,0,0,0,0,0,0,0,0,0,0,0,0,0,0,0,0,0,0,0,0,0,0,0,0,0,0,0,0,0,0,0,0,0,0,0,0,2,2,2,2,0,0,0,0,0,0,0,0,0,0,0,0,0,0,0,0,0,0,0,0,0,0,0,0,0,0,0,0,0,0,2,2,2,2,FFFF
F26,CE_PLAYBACK_HANDSFREE,5,4000,5800,0,4000,4000,0,7F65,0,780,FF9A,1B0C,F333,01EC,FFEE,200A,7F65,0,ED00,0,0,7F65,0,780,FF9A,1B0C,F333,01EC,FFEE,200A,7F65,7fff,800,7fff,0,0,14,800,2000,2000,fa,46,1,2ff,40,20,4650,40,41a0,800,63,4DFF,4DFF,1,4a38,1770,0,100,100,400,200,400,300,258,190,1ca8,1c2,2ee0,fa0,0,0,0,0,0,0,0,0,0,0,0,0,0,0,0,0,0,0,0,0,0,0,0,0,0,0,0,0,0,0,0,0,0,0,0,0,0,0,0,0,0,0,0,0,0,0,2,2,2,2,0,0,0,0,0,0,0,0,0,0,0,0,0,0,0,0,0,0,0,0,0,0,0,0,0,0,0,0,0,0,2,2,2,2,FFFF
F27,CE_SYS,5,4000,4000,0,4000,4000,0,7F65,0,780,FF9A,1B0C,F333,01EC,FFEE,200A,7F65,0,ED00,0,0,7F65,0,780,FF9A,1B0C,F333,01EC,FFEE,200A,7F65,7fff,800,7fff,149f,0,14,800,2000,2000,00fa,46,1,2ff,40,20,4650,40,41a0,800,63,4DFF,4DFF,1,4a38,1770,0,100,100,400,200,400,300,258,190,1ca8,1c2,2ee0,fa0,0,0,0,0,0,0,0,0,0,0,0,0,0,0,0,0,0,0,0,0,0,0,0,0,0,0,0,0,0,0,0,0,0,0,0,0,0,0,0,0,0,0,0,0,0,0,2,2,2,2,0,0,0,0,0,0,0,0,0,0,0,0,0,0,0,0,0,0,0,0,0,0,0,0,0,0,0,0,0,0,2,2,2,2,FFFF
F28,VT_HANDSFREE_VOL0,0,4000,4000,0,7FB2,2861,FFFF,3FD9,0,C80,FF9A,2080,F333,01EC,FFEE,200A,7F65,0,ED00,0,FFFF,3FD9,0,1180,FF9A,2080,F333,01EC,FFEE,200A,7F65,6000,800,7fff,179f,0,14,2000,2000,2000,80,C8,2,190,40,20,4650,40,41a0,800,63,4DFF,4DFF,2,3600,7D0,0,C8,100,100,200,150,300,200,64,1ca8,200,800,fa0,0,0,FF45,FCA9,F860,F776,FD6D,43F4,0,0,0,0,0,0,0,0,0,0,0,0,0,0,0,0,0,0,0,0,0,0,0,0,0,0,0,0,0,0,0,0,0,0,0,0,0,0,2,2,2,2,0,0,0,0,0,0,0,0,0,0,0,0,0,0,0,0,0,0,0,0,0,0,0,0,0,0,0,0,0,0,2,2,2,2,FFFF
F29,VT_HANDSFREE_VOL1,1,4000,4000,0,7FB2,390A,FFFF,3FD9,0,C80,FF9A,2080,F333,01EC,FFEE,200A,7F65,0,ED00,0,FFFF,3FD9,0,1180,FF9A,2080,F333,01EC,FFEE,200A,7F65,6000,800,7fff,179f,0,14,2000,2000,2000,80,C8,2,190,40,20,4650,40,41a0,800,63,4DFF,4DFF,2,3600,7D0,0,C8,100,100,200,150,300,200,64,1ca8,200,800,fa0,0,0,FF45,FCA9,F860,F776,FD6D,43F4,0,0,0,0,0,0,0,0,0,0,0,0,0,0,0,0,0,0,0,0,0,0,0,0,0,0,0,0,0,0,0,0,0,0,0,0,0,0,2,2,2,2,0,0,0,0,0,0,0,0,0,0,0,0,0,0,0,0,0,0,0,0,0,0,0,0,0,0,0,0,0,0,2,2,2,2,FFFF
F30,VT_HANDSFREE_VOL2,2,4000,4000,0,7FB2,5092,FFFF,3FD9,0,C80,FF9A,2080,F333,01EC,FFEE,200A,7F65,0,ED00,0,FFFF,3FD9,0,1180,FF9A,2080,F333,01EC,FFEE,200A,7F65,6000,800,7fff,179f,0,14,2000,2000,2000,80,C8,2,190,40,20,4650,40,41a0,800,63,4DFF,4DFF,2,3F00,7D0,0,C8,100,100,200,150,300,200,64,1ca8,200,800,fa0,0,0,FF45,FCA9,F860,F776,FD6D,43F4,0,0,0,0,0,0,0,0,0,0,0,0,0,0,0,0,0,0,0,0,0,0,0,0,0,0,0,0,0,0,0,0,0,0,0,0,0,0,2,2,2,2,0,0,0,0,0,0,0,0,0,0,0,0,0,0,0,0,0,0,0,0,0,0,0,0,0,0,0,0,0,0,2,2,2,2,FFFF
F31,VT_HANDSFREE_VOL3,3,4000,4000,0,7FB2,71CF,FFFF,3FD9,0,C80,FF9A,2080,F333,01EC,FFEE,200A,7F65,0,ED00,0,FFFF,3FD9,0,1180,FF9A,2080,F333,01EC,FFEE,200A,7F65,6000,800,7fff,179f,0,14,2000,2000,2000,80,C8,2,190,40,20,4650,40,41a0,800,63,4DFF,4DFF,2,4000,7D0,0,100,100,100,300,150,300,200,64,1ca8,300,800,fa0,0,0,FF45,FCA9,F860,F776,FD6D,43F4,0,0,0,0,0,0,0,0,0,0,0,0,0,0,0,0,0,0,0,0,0,0,0,0,0,0,0,0,0,0,0,0,0,0,0,0,0,0,2,2,2,2,0,0,0,0,0,0,0,0,0,0,0,0,0,0,0,0,0,0,0,0,0,0,0,0,0,0,0,0,0,0,2,2,2,2,FFFF
F32,VT_HANDSFREE_VOL4,4,4000,4000,0,7FB2,A0C2,FFFF,3FD9,0,C80,FF9A,2080,F333,01EC,FFEE,200A,7F65,0,ED00,0,FFFF,3FD9,0,1180,FF9A,2080,F333,01EC,FFEE,200A,7F65,32F4,800,7fff,179f,0,14,2000,2000,2000,80,C8,2,190,40,20,4650,40,41a0,800,63,4DFF,4DFF,2,4A38,7D0,0,100,100,200,300,200,300,258,64,1ca8,800,800,fa0,0,0,FF45,FCA9,F860,F776,FD6D,43F4,0,0,0,0,0,0,0,0,0,0,0,0,0,0,0,0,0,0,0,0,0,0,0,0,0,0,0,0,0,0,0,0,0,0,0,0,0,0,2,2,2,2,0,0,0,0,0,0,0,0,0,0,0,0,0,0,0,0,0,0,0,0,0,0,0,0,0,0,0,0,0,0,2,2,2,2,FFFF
F33,VT_HANDSFREE_VOL5,5,4000,4000,0,7FB2,E314,FFFF,3FD9,0,C80,FF9A,2080,F333,01EC,FFEE,200A,7F65,0,ED00,0,FFFF,3FD9,0,1180,FF9A,2080,F333,01EC,FFEE,5A67,7F65,32F4,800,7fff,179f,0,14,2000,2000,2000,80,C8,2,190,40,20,4650,40,41a0,800,63,4DFF,4DFF,2,4A38,7D0,0,100,100,200,300,200,300,258,64,1ca8,900,800,fa0,0,0,FF45,FCA9,F860,F776,FD6D,43F4,0,0,0,0,0,0,0,0,0,0,0,0,0,0,0,0,0,0,0,0,0,0,0,0,0,0,0,0,0,0,0,0,0,0,0,0,0,0,2,2,2,2,0,0,0,0,0,0,0,0,0,0,0,0,0,0,0,0,0,0,0,0,0,0,0,0,0,0,0,0,0,0,2,2,2,2,FFFF
F34,CE_PLAYBACK_HEADSET_RING,5,4000,4000,0,4000,4000,0,7F65,0,780,FF9A,1B0C,F333,01EC,FFEE,200A,7F65,0,ED00,0,0,7F65,0,780,FF9A,1B0C,F333,01EC,FFEE,200A,7F65,7fff,800,7fff,149f,0,14,800,2000,2000,00fa,46,1,2ff,40,20,4650,40,41a0,800,63,4DFF,4DFF,1,4a38,1770,0,100,100,400,200,400,300,258,190,1ca8,1c2,2ee0,fa0,0,0,0,0,0,0,0,0,0,0,0,0,0,0,0,0,0,0,0,0,0,0,0,0,0,0,0,0,0,0,0,0,0,0,0,0,0,0,0,0,0,0,0,0,0,0,2,2,2,2,0,0,0,0,0,0,0,0,0,0,0,0,0,0,0,0,0,0,0,0,0,0,0,0,0,0,0,0,0,0,2,2,2,2,FFFF
F35,PHONE_TCOIL,5,4000,4000,0,656E,7FB2,FFFF,2D33,0,780,FF9A,1D80,F333,01EC,FFEE,200A,7F65,0,ED00,0,0,2D33,0,780,FF9A,1B0C,F333,01EC,FFEE,200A,7F65,7fff,800,7fff,149f,0,14,1000,1500,2000,fa,78,2,2ff,40,20,4650,40,41a0,800,63,4DFF,4DFF,2,3F00,7D0,0,20,100,200,200,50,300,200,64,1388,1c2,2ee0,fa0,0,0,FF80,FBDB,FCEB,E8,F0B1,3C90,0,0,0,0,0,0,0,0,0,0,0,0,0,0,0,0,0,0,0,0,0,0,0,0,0,0,0,0,0,0,0,0,0,0,0,0,0,0,2,2,2,2,0,0,0,0,0,0,0,0,0,0,0,0,0,0,0,0,0,0,0,0,0,0,0,0,0,0,0,0,0,0,2,2,2,2,FFFF
Header,Mode,  volume_level,codecTxGain,codecRxGain,codecSTGain,txVolume,rxVolume,rxAgcEnableFlag,compFlinkStaticGain,compFlinkAIGFlag,expFlinkThreshold,expFlinkSlope,compFlinkThreshold,compFlinkSlope,comFlinkRmsTav,compFlinkReleaseK,compFlinkAIGMin,compFlinkAIGMax,rxAvcEnableFlag,avcRlinkSensitivityOffset,avcFlinkHeadroom,txAgcEnableFlag,compRlinkStaticGain,compRlinkAIGFlag,expRlinkThreshold,expRlinkSlope,compRlinkThreshold,compRlinkSlope,comRlinkRmsTav,compRlinkReleaseK,compRlinkAIGMin,compRlinkAIGMax,NLPP_limit,NLPP_gain,AF_limit,HS mode,Tuning mode,echo_path_delay,OutputGain,InputGain,AF_twoalpha,AF_erl,AF_taps,AF_present_coefs,AF_offset,AF_erl_bg,AF_taps_bg,PCD_threshold,minimum_erl,erl_step,max_noise_floor,Det_threshold,SPDET_Far,SPDET_mic,SPDET_xclip,DENS_tail_alpha,DENS_tail_portion,DENS_gamma_e_alpha,DENS_gamma_e_dt,DENS_gamma_e_low,DENS_gamma_e_rescue,DENS_gamma_e_high,DENS_spdet_near,DENS_spdet_act,DENS_gamma_n,DENS_NFE_blocksize,DENS_limit_NS,DENS_NL_atten,DENS_CNI_Level,WB_echo_ratio,rxPcmFiltEnableFlag,rxPcmFiltCoeff 0,rxPcmFiltCoeff 1,rxPcmFiltCoeff 2,rxPcmFiltCoeff 3,rxPcmFiltCoeff 4,rxPcmFiltCoeff 5,rxPcmFiltCoeff 6,txPcmFiltEnableFlag,txPcmFiltCoeff 0,txPcmFiltCoeff 1,txPcmFiltCoeff 2,txPcmFiltCoeff 3,txPcmFiltCoeff 4,txPcmFiltCoeff 5,txPcmFiltCoeff 6,rxiirFiltNumCoeff 0,rxiirFiltNumCoeff 1,rxiirFiltNumCoeff 2,rxiirFiltNumCoeff 3,rxiirFiltNumCoeff 4,rxiirFiltNumCoeff 5,rxiirFiltNumCoeff 6,rxiirFiltNumCoeff 7,rxiirFiltNumCoeff 8,rxiirFiltNumCoeff 9,rxiirFiltNumCoeff 10,rxiirFiltNumCoeff 11,rxiirFiltNumCoeff 12,rxiirFiltNumCoeff 13,rxiirFiltNumCoeff 14,rxiirFiltNumCoeff 15,rxiirFiltNumCoeff 16,rxiirFiltNumCoeff 17,rxiirFiltDenCoeff 0,rxiirFiltDenCoeff 1,rxiirFiltDenCoeff 2,rxiirFiltDenCoeff 3,rxiirFiltDenCoeff 4,rxiirFiltDenCoeff 5,rxiirFiltDenCoeff 6,rxiirFiltDenCoeff 7,rxiirFiltDenCoeff 8,rxiirFiltDenCoeff 9,rxiirFiltDenCoeff 10,rxiirFiltDenCoeff 11,rxiirFiltNumShiftFactor 0,rxiirFiltNumShiftFactor 1,rxiirFiltNumShiftFactor 2,rxiirFiltNumShiftFactor 3,txiirFiltNumCoeff 0,txiirFiltNumCoeff 1,txiirFiltNumCoeff 2,txiirFiltNumCoeff 3,txiirFiltNumCoeff 4,txiirFiltNumCoeff 5,txiirFiltNumCoeff 6,txiirFiltNumCoeff 7,txiirFiltNumCoeff 8,txiirFiltNumCoeff 9,txiirFiltNumCoeff 10,txiirFiltNumCoeff 11,txiirFiltNumCoeff 12,txiirFiltNumCoeff 13,txiirFiltNumCoeff 14,txiirFiltNumCoeff 15,txiirFiltNumCoeff 16,txiirFiltNumCoeff 17,txiirFiltDenCoeff 0,txiirFiltDenCoeff 1,txiirFiltDenCoeff 2,txiirFiltDenCoeff 3,txiirFiltDenCoeff 4,txiirFiltDenCoeff 5,txiirFiltDenCoeff 6,txiirFiltDenCoeff 7,txiirFiltDenCoeff 8,txiirFiltDenCoeff 9,txiirFiltDenCoeff 10,txiirFiltDenCoeff 11,txiirFiltNumShiftFactor 0,txiirFiltNumShiftFactor 1,txiirFiltNumShiftFactor 2,txiirFiltNumShiftFactor 3,  ecparameterupdated
G0,Default,5,4000,4000,0,7FB2,7FB2,0,2D33,0,C80,FF1A,1D80,F333,01EC,FFEE,200A,7F65,0,ED00,0,0,3FD9,0,C80,FF1A,1B0C,F333,01EC,FFEE,200A,7F65,7fff,800,7fff,179f,0,20,800,2000,2000,fa,C8,1,190,40,20,3977,40,408A,800,63,4DFF,4DFF,2,5208,1F40,0,106,161,800,200,1912,300,258,32,1ca8,C8,2D55,100,FFFF,0,FF80,FBDB,FCEB,E8,F0B1,3C90,0,0,0,0,0,0,0,0,0,0,0,0,0,0,0,0,0,0,0,0,0,0,0,0,0,0,0,0,0,0,0,0,0,0,0,0,0,0,2,2,2,2,0,0,0,0,0,0,0,0,0,0,0,0,0,0,0,0,0,0,0,0,0,0,0,0,0,0,0,0,0,0,2,2,2,2,FFFF
G1,HTC BH S100,5,4000,4000,0,4000,7FB2,FFFF,2D33,0,C80,FF1A,1D80,F333,01EC,FFEE,200A,7F65,0,ED00,0,FFFF,3FD9,0,C80,FF9A,1B0C,F333,01EC,FFEE,200A,7F65,7fff,800,7fff,179f,0,14,800,2000,2000,fa,46,1,190,40,20,4650,40,41a0,800,63,4DFF,4DFF,1,3F00,7D0,0,40,100,400,200,400,300,258,32,1ca8,1c2,2EE0,fa0,FFFF,0,FF80,FBDB,FCEB,E8,F0B1,3C90,0,0,0,0,0,0,0,0,0,0,0,0,0,0,0,0,0,0,0,0,0,0,0,0,0,0,0,0,0,0,0,0,0,0,0,0,0,0,2,2,2,2,0,0,0,0,0,0,0,0,0,0,0,0,0,0,0,0,0,0,0,0,0,0,0,0,0,0,0,0,0,0,2,2,2,2,FFFF
G2,HTC BH M100,5,4000,4000,0,5A67,5A67,FFFF,3FD9,0,C80,FF1A,1D80,F333,01EC,FFEE,200A,7F65,0,ED00,0,FFFF,3FD9,0,1180,FF1A,1D80,F333,01EC,FFEE,200A,7F65,7fff,800,7fff,179f,0,20,800,2000,2000,fa,78,1,190,40,20,3977,40,408A,800,63,4DFF,4DFF,2,3F00,BB8,0,40,100,400,200,400,300,258,32,1ca8,C8,2D55,100,FFFF,0,FF80,FBDB,FCEB,E8,F0B1,3C90,0,0,0,0,0,0,0,0,0,0,0,0,0,0,0,0,0,0,0,0,0,0,0,0,0,0,0,0,0,0,0,0,0,0,0,0,0,0,2,2,2,2,0,0,0,0,0,0,0,0,0,0,0,0,0,0,0,0,0,0,0,0,0,0,0,0,0,0,0,0,0,0,2,2,2,2,FFFF
G3,Motorola H500,5,4000,4000,0,7FB2,7FB2,FFFF,3FD9,0,C80,FF1A,1D80,F333,01EC,FFEE,200A,7F65,0,ED00,0,FFFF,3FD9,0,F00,FF1A,1D80,F333,01EC,FFEE,200A,7F65,7fff,800,7fff,179f,0,20,800,2000,2000,fa,78,1,190,40,20,3977,40,408A,800,63,4DFF,4DFF,2,3F00,BB8,0,40,100,400,200,400,300,258,32,1ca8,C8,2D55,100,FFFF,0,FF80,FBDB,FCEB,E8,F0B1,3C90,0,0,0,0,0,0,0,0,0,0,0,0,0,0,0,0,0,0,0,0,0,0,0,0,0,0,0,0,0,0,0,0,0,0,0,0,0,0,2,2,2,2,0,0,0,0,0,0,0,0,0,0,0,0,0,0,0,0,0,0,0,0,0,0,0,0,0,0,0,0,0,0,2,2,2,2,FFFF
G4,Nokia HS-36W,5,4000,4000,0,7FB2,B45F,FFFF,3FD9,0,C80,FF1A,1D80,F333,01EC,FFEE,200A,7F65,0,ED00,0,FFFF,3FD9,0,780,FF1A,1D80,F333,01EC,FFEE,200A,7F65,7fff,800,7fff,179f,0,40,800,2000,2000,fa,78,1,190,40,20,3977,40,408A,800,63,4DFF,4DFF,2,3F00,7D0,0,20,100,200,200,400,300,258,32,1ca8,C8,2D55,100,FFFF,0,FF80,FBDB,FCEB,E8,F0B1,3C90,0,0,0,0,0,0,0,0,0,0,0,0,0,0,0,0,0,0,0,0,0,0,0,0,0,0,0,0,0,0,0,0,0,0,0,0,0,0,2,2,2,2,0,0,0,0,0,0,0,0,0,0,0,0,0,0,0,0,0,0,0,0,0,0,0,0,0,0,0,0,0,0,2,2,2,2,FFFF
G5,PLT 510v.D,5,4000,4000,0,4000,4000,FFFF,2D33,0,C80,FF1A,1D80,F333,01EC,FFEE,200A,7F65,0,ED00,0,FFFF,3FD9,0,C80,FF1A,1D80,F333,01EC,FFEE,200A,7F65,7fff,800,7fff,179f,0,20,800,2000,2000,fa,78,1,190,40,20,3977,40,408A,800,63,4DFF,4DFF,2,3F00,7D0,0,20,100,200,200,400,300,258,32,1ca8,C8,2D55,100,FFFF,0,FF80,FBDB,FCEB,E8,F0B1,3C90,0,0,0,0,0,0,0,0,0,0,0,0,0,0,0,0,0,0,0,0,0,0,0,0,0,0,0,0,0,0,0,0,0,0,0,0,0,0,2,2,2,2,0,0,0,0,0,0,0,0,0,0,0,0,0,0,0,0,0,0,0,0,0,0,0,0,0,0,0,0,0,0,2,2,2,2,FFFF
G6,M2500 by Plantronics,5,4000,4000,0,4000,4000,FFFF,2D33,0,C80,FF1A,1D80,F333,01EC,FFEE,200A,7F65,0,ED00,0,FFFF,3FD9,0,C80,FF1A,1B0C,F333,01EC,FFEE,200A,7F65,7fff,800,7fff,179f,0,20,800,2000,2000,fa,C8,1,190,40,20,3977,40,408A,800,63,4DFF,4DFF,2,3F00,7D0,0,20,100,400,200,400,300,258,32,1ca8,C8,2D55,100,FFFF,0,FF80,FBDB,FCEB,E8,F0B1,3C90,0,0,0,0,0,0,0,0,0,0,0,0,0,0,0,0,0,0,0,0,0,0,0,0,0,0,0,0,0,0,0,0,0,0,0,0,0,0,2,2,2,2,0,0,0,0,0,0,0,0,0,0,0,0,0,0,0,0,0,0,0,0,0,0,0,0,0,0,0,0,0,0,2,2,2,2,FFFF
G7,Nokia HDW-3,5,4000,4000,0,5092,7FB2,FFFF,2D33,0,C80,FF1A,1D80,F333,01EC,FFEE,200A,7F65,0,ED00,0,FFFF,3FD9,0,C80,FF1A,1B0C,F333,01EC,FFEE,200A,7F65,7fff,800,7fff,179f,0,20,800,2000,2000,fa,C8,1,190,40,20,3977,40,408A,800,63,4DFF,4DFF,2,3F00,BB8,0,40,100,200,200,400,300,258,32,1ca8,C8,2D55,100,FFFF,0,FF80,FBDB,FCEB,E8,F0B1,3C90,0,0,0,0,0,0,0,0,0,0,0,0,0,0,0,0,0,0,0,0,0,0,0,0,0,0,0,0,0,0,0,0,0,0,0,0,0,0,2,2,2,2,0,0,0,0,0,0,0,0,0,0,0,0,0,0,0,0,0,0,0,0,0,0,0,0,0,0,0,0,0,0,2,2,2,2,FFFF
G8,HBH-608,5,4000,4000,0,5A67,7FB2,FFFF,2D33,0,C80,FF1A,1D80,F333,01EC,FFEE,200A,7F65,0,ED00,0,FFFF,3FD9,0,C80,FF1A,1B0C,F333,01EC,FFEE,200A,7F65,7fff,800,7fff,179f,0,20,800,2000,2000,fa,C8,1,190,40,20,3977,40,408A,800,63,4DFF,4DFF,2,3F00,7D0,0,20,100,200,200,400,300,258,32,1ca8,C8,2D55,100,FFFF,0,FF80,FBDB,FCEB,E8,F0B1,3C90,0,0,0,0,0,0,0,0,0,0,0,0,0,0,0,0,0,0,0,0,0,0,0,0,0,0,0,0,0,0,0,0,0,0,0,0,0,0,2,2,2,2,0,0,0,0,0,0,0,0,0,0,0,0,0,0,0,0,0,0,0,0,0,0,0,0,0,0,0,0,0,0,2,2,2,2,FFFF
G9,HBH-DS970,5,4000,4000,0,5092,7FB2,FFFF,2D33,0,C80,FF1A,1D80,F333,01EC,FFEE,200A,7F65,0,ED00,0,FFFF,3FD9,0,C80,FF1A,1B0C,F333,01EC,FFEE,200A,7F65,7fff,800,7fff,179f,0,30,800,2000,2000,fa,78,1,190,40,20,3977,40,408A,800,63,4DFF,4DFF,2,3F00,7D0,0,10,100,200,200,400,300,258,32,1ca8,C8,2D55,100,FFFF,0,FF80,FBDB,FCEB,E8,F0B1,3C90,0,0,0,0,0,0,0,0,0,0,0,0,0,0,0,0,0,0,0,0,0,0,0,0,0,0,0,0,0,0,0,0,0,0,0,0,0,0,2,2,2,2,0,0,0,0,0,0,0,0,0,0,0,0,0,0,0,0,0,0,0,0,0,0,0,0,0,0,0,0,0,0,2,2,2,2,FFFF
G10,i.Tech BlueBAND,5,4000,4000,0,7FB2,7FB2,FFFF,2D33,0,C80,FF1A,1D80,F333,01EC,FFEE,200A,7F65,0,ED00,0,FFFF,3FD9,0,C80,FF1A,1B0C,F333,01EC,FFEE,200A,7F65,7fff,800,7fff,179f,0,20,800,2000,2000,fa,78,1,190,40,20,3977,40,408A,800,63,4DFF,4DFF,2,3F00,7D0,0,40,100,200,200,400,300,258,32,1ca8,C8,2D55,100,FFFF,0,FF80,FBDB,FCEB,E8,F0B1,3C90,0,0,0,0,0,0,0,0,0,0,0,0,0,0,0,0,0,0,0,0,0,0,0,0,0,0,0,0,0,0,0,0,0,0,0,0,0,0,2,2,2,2,0,0,0,0,0,0,0,0,0,0,0,0,0,0,0,0,0,0,0,0,0,0,0,0,0,0,0,0,0,0,2,2,2,2,FFFF
G11,Nokia BH-800,5,4000,4000,0,7FB2,5A67,FFFF,2D33,0,C80,FF1A,1D80,F333,01EC,FFEE,200A,7F65,0,ED00,0,0,3FD9,0,780,FF9A,1B0C,F333,01EC,FFEE,200A,7F65,7fff,800,7fff,179f,0,78,800,2000,2000,fa,C8,1,190,40,20,3977,40,408A,800,63,4DFF,4DFF,2,3F00,BB8,0,60,100,800,400,400,300,258,32,1ca8,300,2D55,100,FFFF,0,FF80,FBDB,FCEB,E8,F0B1,3C90,0,0,0,0,0,0,0,0,0,0,0,0,0,0,0,0,0,0,0,0,0,0,0,0,0,0,0,0,0,0,0,0,0,0,0,0,0,0,2,2,2,2,0,0,0,0,0,0,0,0,0,0,0,0,0,0,0,0,0,0,0,0,0,0,0,0,0,0,0,0,0,0,2,2,2,2,FFFF
G12,Motorola H700,5,4000,4000,0,5A67,5A67,0,3FD9,0,C80,FF1A,1D80,F333,01EC,FFEE,200A,7F65,0,ED00,0,0,3FD9,0,F00,FF1A,1D80,F333,01EC,FFEE,200A,7F65,7fff,800,7fff,0,0,20,800,2000,2000,fa,78,1,190,40,20,3977,40,408A,800,63,4DFF,4DFF,2,3F00,BB8,0,40,100,400,200,400,300,258,32,1ca8,C8,2D55,100,FFFF,0,FF21,FD5D,FB9C,FA19,F8A4,3C90,0,0,0,0,0,0,0,0,0,0,0,0,0,0,0,0,0,0,0,0,0,0,0,0,0,0,0,0,0,0,0,0,0,0,0,0,0,0,2,2,2,2,0,0,0,0,0,0,0,0,0,0,0,0,0,0,0,0,0,0,0,0,0,0,0,0,0,0,0,0,0,0,2,2,2,2,FFFF
G13,HTC BH M200,5,4000,4000,0,4000,7FB2,0,3FD9,0,C80,FF1A,1D80,F333,01EC,FFEE,200A,7F65,0,ED00,0,0,3FD9,0,F00,FF1A,1D80,F333,01EC,FFEE,200A,7F65,7fff,800,7fff,0,0,20,800,2000,2000,fa,78,1,190,40,20,3977,40,408A,800,63,4DFF,4DFF,2,3F00,BB8,0,40,100,400,200,400,300,258,32,1ca8,C8,2D55,100,FFFF,0,0,0,0,0,0,4000,0,0,0,0,0,0,0,0,0,0,0,0,0,0,0,0,0,0,0,0,0,0,0,0,0,0,0,0,0,0,0,0,0,0,0,0,0,0,2,2,2,2,0,0,0,0,0,0,0,0,0,0,0,0,0,0,0,0,0,0,0,0,0,0,0,0,0,0,0,0,0,0,2,2,2,2,FFFF
G14,Jabra JX10,5,4000,4000,0,5A67,7FB2,FFFF,2D33,0,C80,FF1A,1D80,F333,01EC,FFEE,200A,7F65,0,ED00,0,0,3FD9,0,C80,FF1A,1B0C,F333,01EC,FFEE,200A,7F65,7fff,800,7fff,179f,0,60,800,2000,2000,fa,C8,1,190,40,20,3977,40,408A,800,63,4DFF,4DFF,2,3F00,7D0,0,20,100,400,200,400,300,258,32,1ca8,C8,2D55,100,FFFF,0,FF80,FBDB,FCEB,E8,F0B1,3C90,0,0,0,0,0,0,0,0,0,0,0,0,0,0,0,0,0,0,0,0,0,0,0,0,0,0,0,0,0,0,0,0,0,0,0,0,0,0,2,2,2,2,0,0,0,0,0,0,0,0,0,0,0,0,0,0,0,0,0,0,0,0,0,0,0,0,0,0,0,0,0,0,2,2,2,2,FFFF
G15,320Plantronics,5,4000,4000,0,7FB2,7FB2,FFFF,2D33,0,C80,FF1A,1D80,F333,01EC,FFEE,200A,7F65,0,ED00,0,0,3FD9,0,C80,FF1A,1B0C,F333,01EC,FFEE,200A,7F65,7fff,800,7fff,179f,0,20,800,2000,2000,fa,C8,1,190,40,20,3977,40,408A,800,63,4DFF,4DFF,2,3F00,7D0,0,20,100,400,200,400,300,258,32,1ca8,C8,2D55,100,FFFF,0,FF80,FBDB,FCEB,E8,F0B1,3C90,0,0,0,0,0,0,0,0,0,0,0,0,0,0,0,0,0,0,0,0,0,0,0,0,0,0,0,0,0,0,0,0,0,0,0,0,0,0,2,2,2,2,0,0,0,0,0,0,0,0,0,0,0,0,0,0,0,0,0,0,0,0,0,0,0,0,0,0,0,0,0,0,2,2,2,2,FFFF
G16,640Plantronics,5,4000,4000,0,7FB2,4000,0,2D33,0,C80,FF1A,1D80,F333,01EC,FFEE,200A,7F65,0,ED00,0,0,3FD9,0,C80,FF1A,1B0C,F333,01EC,FFEE,200A,7F65,7fff,800,7fff,179f,0,20,800,2000,2000,fa,C8,1,190,40,20,3977,40,408A,800,63,4DFF,4DFF,2,4000,BB8,0,20,161,400,200,400,300,258,32,1ca8,400,2D55,100,FFFF,0,FF21,FD5D,FB9C,FA19,F8A4,3C90,0,0,0,0,0,0,0,0,0,0,0,0,0,0,0,0,0,0,0,0,0,0,0,0,0,0,0,0,0,0,0,0,0,0,0,0,0,0,2,2,2,2,0,0,0,0,0,0,0,0,0,0,0,0,0,0,0,0,0,0,0,0,0,0,0,0,0,0,0,0,0,0,2,2,2,2,FFFF
G17,Jabra BT500,5,4000,4000,0,7FB2,5A67,0,2D33,0,C80,FF1A,1D80,F333,01EC,FFEE,200A,7F65,0,ED00,0,0,3FD9,0,C80,FF1A,1B0C,F333,01EC,FFEE,200A,7F65,7fff,800,7fff,179f,0,20,800,2000,2000,fa,C8,1,190,40,20,3977,40,408A,800,63,4DFF,4DFF,2,4000,BB8,0,40,161,800,200,400,300,258,32,1ca8,C8,2D55,100,FFFF,0,FF80,FBDB,FCEB,E8,F0B1,3C90,0,0,0,0,0,0,0,0,0,0,0,0,0,0,0,0,0,0,0,0,0,0,0,0,0,0,0,0,0,0,0,0,0,0,0,0,0,0,2,2,2,2,0,0,0,0,0,0,0,0,0,0,0,0,0,0,0,0,0,0,0,0,0,0,0,0,0,0,0,0,0,0,2,2,2,2,FFFF
G18,Motorola HT820,5,4000,4000,0,5092,7FB2,0,2D33,0,C80,FF1A,1D80,F333,01EC,FFEE,200A,7F65,0,ED00,0,0,3FD9,0,C80,FF1A,1B0C,F333,01EC,FFEE,200A,7F65,7fff,800,7fff,0,0,20,800,2000,2000,fa,C8,1,190,40,20,3977,40,408A,800,63,4DFF,4DFF,2,3F00,7D0,0,40,100,200,200,400,300,258,32,1ca8,C8,2D55,100,FFFF,0,FF10,FCC8,F8A0,F4F2,F04B,65AD,0,0,0,0,0,0,0,0,0,0,0,0,0,0,0,0,0,0,0,0,0,0,0,0,0,0,0,0,0,0,0,0,0,0,0,0,0,0,2,2,2,2,0,0,0,0,0,0,0,0,0,0,0,0,0,0,0,0,0,0,0,0,0,0,0,0,0,0,0,0,0,0,2,2,2,2,FFFF
G19,HBH-IV840,5,4000,4000,0,7FB2,7FB2,0,2D33,0,C80,FF1A,1D80,F333,01EC,FFEE,200A,7F65,0,ED00,0,0,2D33,0,C80,FF1A,1D80,F333,01EC,FFEE,200A,7F65,7fff,800,7fff,0,0,20,800,2000,2000,fa,78,1,190,40,20,3977,40,408A,800,63,4DFF,4DFF,2,3F00,7D0,0,20,100,200,200,400,300,258,64,1ca8,C8,2D55,100,FFFF,0,FF80,FBDB,FCEB,E8,F0B1,3C90,0,0,0,0,0,0,0,0,0,0,0,0,0,0,0,0,0,0,0,0,0,0,0,0,0,0,0,0,0,0,0,0,0,0,0,0,0,0,2,2,2,2,0,0,0,0,0,0,0,0,0,0,0,0,0,0,0,0,0,0,0,0,0,0,0,0,0,0,0,0,0,0,2,2,2,2,FFFF
G20,6XXPlantronics,5,4000,4000,0,7FB2,A0C2,0,2D33,0,C80,FF1A,1D80,F333,01EC,FFEE,200A,7F65,0,ED00,0,0,3FD9,0,C80,FF1A,1D80,F333,01EC,FFEE,200A,7F65,7fff,800,7fff,179f,0,20,800,2000,2000,fa,C8,1,190,40,20,3977,40,408A,800,63,4DFF,4DFF,2,3F00,7D0,0,0,0,0,0,400,300,258,64,1ca8,C8,2D55,100,FFFF,0,FF80,FBDB,FCEB,E8,F0B1,3C90,0,0,0,0,0,0,0,0,0,0,0,0,0,0,0,0,0,0,0,0,0,0,0,0,0,0,0,0,0,0,0,0,0,0,0,0,0,0,2,2,2,2,0,0,0,0,0,0,0,0,0,0,0,0,0,0,0,0,0,0,0,0,0,0,0,0,0,0,0,0,0,0,2,2,2,2,FFFF
G21,3xxPlantronics,5,4000,4000,0,5A67,4000,FFFF,2D33,0,C80,FF1A,1D80,F333,01EC,FFEE,200A,7F65,0,ED00,0,FFFF,3FD9,0,C80,FF1A,1D80,F333,01EC,FFEE,200A,7F65,7fff,800,7fff,179f,0,80,800,1500,2000,fa,78,1,190,40,20,3977,40,408A,800,63,4DFF,4DFF,2,3F00,BB8,0,20,100,100,200,400,300,258,64,1ca8,C8,2D55,100,FFFF,0,FF80,FBDB,FCEB,E8,F0B1,3C90,0,0,0,0,0,0,0,0,0,0,0,0,0,0,0,0,0,0,0,0,0,0,0,0,0,0,0,0,0,0,0,0,0,0,0,0,0,0,2,2,2,2,0,0,0,0,0,0,0,0,0,0,0,0,0,0,0,0,0,0,0,0,0,0,0,0,0,0,0,0,0,0,2,2,2,2,FFFF
G22,HBH-PV710,5,4000,4000,0,71CF,4000,FFFF,2D33,0,C80,FF1A,1D80,F333,01EC,FFEE,200A,7F65,0,ED00,0,FFFF,2D33,0,C80,FF1A,1D80,F333,01EC,FFEE,200A,7F65,7fff,800,7fff,179f,0,80,800,2000,2000,fa,78,1,190,40,20,3977,40,408A,800,63,4DFF,4DFF,2,3F00,7D0,0,20,100,200,200,400,300,258,64,1ca8,C8,2D55,100,FFFF,0,FF80,FBDB,FCEB,E8,F0B1,3C90,0,0,0,0,0,0,0,0,0,0,0,0,0,0,0,0,0,0,0,0,0,0,0,0,0,0,0,0,0,0,0,0,0,0,0,0,0,0,2,2,2,2,0,0,0,0,0,0,0,0,0,0,0,0,0,0,0,0,0,0,0,0,0,0,0,0,0,0,0,0,0,0,2,2,2,2,FFFF
G23,Motorola H670,5,4000,4000,0,7FB2,7FB2,FFFF,2D33,0,C80,FF1A,1D80,F333,01EC,FFEE,200A,7F65,0,ED00,0,FFFF,3FD9,0,C80,FF1A,1D80,F333,01EC,FFEE,200A,7F65,7fff,800,7fff,179f,0,80,800,2000,2000,fa,78,1,190,40,20,3977,40,408A,800,63,4DFF,4DFF,2,3F00,7D0,0,20,100,100,200,400,300,258,64,1ca8,C8,2D55,100,FFFF,0,FF80,FBDB,FCEB,E8,F0B1,3C90,0,0,0,0,0,0,0,0,0,0,0,0,0,0,0,0,0,0,0,0,0,0,0,0,0,0,0,0,0,0,0,0,0,0,0,0,0,0,2,2,2,2,0,0,0,0,0,0,0,0,0,0,0,0,0,0,0,0,0,0,0,0,0,0,0,0,0,0,0,0,0,0,2,2,2,2,FFFF
G24,HBM-300,5,4000,4000,0,7FB2,7FB2,FFFF,2D33,0,C80,FF1A,1D80,F333,01EC,FFEE,200A,7F65,0,ED00,0,FFFF,2D33,0,C80,FF1A,1D80,F333,01EC,FFEE,200A,7F65,7fff,800,7fff,179f,0,70,800,2000,2000,fa,78,1,190,40,20,3977,40,408A,800,63,4DFF,4DFF,2,3F00,7D0,0,20,100,200,200,400,300,258,64,1ca8,C8,2D55,100,FFFF,0,FF80,FBDB,FCEB,E8,F0B1,3C90,0,0,0,0,0,0,0,0,0,0,0,0,0,0,0,0,0,0,0,0,0,0,0,0,0,0,0,0,0,0,0,0,0,0,0,0,0,0,2,2,2,2,0,0,0,0,0,0,0,0,0,0,0,0,0,0,0,0,0,0,0,0,0,0,0,0,0,0,0,0,0,0,2,2,2,2,FFFF
G25,Nokia BH-208,5,4000,4000,0,5A67,7FB2,FFFF,2000,0,C80,FF1A,1D80,F333,01EC,FFEE,200A,7F65,0,ED00,0,FFFF,2D33,0,C80,FF1A,1D80,F333,01EC,FFEE,200A,7F65,7fff,800,7fff,179f,0,70,800,2000,2000,fa,C8,1,190,40,20,3977,40,408A,800,63,4DFF,4DFF,2,3F00,7D0,0,20,100,200,200,400,300,258,64,1ca8,C8,2D55,100,FFFF,0,FF80,FBDB,FCEB,E8,F0B1,3C90,0,0,0,0,0,0,0,0,0,0,0,0,0,0,0,0,0,0,0,0,0,0,0,0,0,0,0,0,0,0,0,0,0,0,0,0,0,0,2,2,2,2,0,0,0,0,0,0,0,0,0,0,0,0,0,0,0,0,0,0,0,0,0,0,0,0,0,0,0,0,0,0,2,2,2,2,FFFF
G26,Samsung WEP410,5,4000,4000,0,7FB2,2D4E,FFFF,2000,0,C80,FF1A,1D80,F333,01EC,FFEE,200A,7F65,0,ED00,0,FFFF,2D33,0,C80,FF1A,1D80,F333,01EC,FFEE,200A,7F65,7fff,800,7fff,179f,0,20,800,2000,2000,fa,78,1,190,40,20,3977,40,408A,800,63,4DFF,4DFF,2,3F00,7D0,0,0,100,200,150,400,300,258,64,1ca8,C8,2D55,100,FFFF,0,FF80,FBDB,FCEB,E8,F0B1,3C90,0,0,0,0,0,0,0,0,0,0,0,0,0,0,0,0,0,0,0,0,0,0,0,0,0,0,0,0,0,0,0,0,0,0,0,0,0,0,2,2,2,2,0,0,0,0,0,0,0,0,0,0,0,0,0,0,0,0,0,0,0,0,0,0,0,0,0,0,0,0,0,0,2,2,2,2,FFFF
G27,Jabra BT8010,5,4000,4000,0,7FB2,71CF,0,2D33,0,C80,FF1A,1D80,F333,01EC,FFEE,200A,7F65,0,ED00,0,0,3FD9,0,C80,FF1A,1B0C,F333,01EC,FFEE,200A,7F65,7fff,800,7fff,0,0,30,800,2000,2000,fa,78,1,190,40,20,3977,40,408A,800,63,4DFF,4DFF,2,3F00,7D0,0,10,100,200,200,400,300,258,64,1ca8,C8,2D55,100,FFFF,0,FF80,FBDB,FCEB,E8,F0B1,3C90,0,0,0,0,0,0,0,0,0,0,0,0,0,0,0,0,0,0,0,0,0,0,0,0,0,0,0,0,0,0,0,0,0,0,0,0,0,0,2,2,2,2,0,0,0,0,0,0,0,0,0,0,0,0,0,0,0,0,0,0,0,0,0,0,0,0,0,0,0,0,0,0,2,2,2,2,FFFF
G28,Motorola S9,5,4000,4000,0,7FB2,4000,0,3FD9,0,C80,FF1A,1D80,F333,01EC,FFEE,200A,7F65,0,ED00,0,0,3FD9,0,F00,FF1A,1D80,F333,01EC,FFEE,200A,7F65,7fff,800,7fff,0,0,20,800,2000,2000,fa,78,1,190,40,20,3977,40,408A,800,63,4DFF,4DFF,2,3F00,BB8,0,40,100,400,200,400,300,258,64,1ca8,C8,2D55,100,FFFF,0,FF21,FD5D,FB9C,FA19,F8A4,3C90,0,0,0,0,0,0,0,0,0,0,0,0,0,0,0,0,0,0,0,0,0,0,0,0,0,0,0,0,0,0,0,0,0,0,0,0,0,0,2,2,2,2,0,0,0,0,0,0,0,0,0,0,0,0,0,0,0,0,0,0,0,0,0,0,0,0,0,0,0,0,0,0,2,2,2,2,FFFF
G29,Jabra BT620s,5,4000,4000,0,5A67,7FB2,FFFF,2D33,0,C80,FF1A,1D80,F333,01EC,FFEE,200A,7F65,0,ED00,0,0,3FD9,0,C80,FF1A,1B0C,F333,01EC,FFEE,200A,7F65,7fff,800,7fff,179f,0,270,800,2000,2000,fa,C8,1,190,40,20,3977,40,408A,800,63,4DFF,4DFF,2,4000,BB8,0,40,100,200,200,400,300,258,64,1ca8,C8,2D55,100,FFFF,0,FF80,FBDB,FCEB,E8,F0B1,3C90,0,0,0,0,0,0,0,0,0,0,0,0,0,0,0,0,0,0,0,0,0,0,0,0,0,0,0,0,0,0,0,0,0,0,0,0,0,0,2,2,2,2,0,0,0,0,0,0,0,0,0,0,0,0,0,0,0,0,0,0,0,0,0,0,0,0,0,0,0,0,0,0,2,2,2,2,FFFF
G30,Nokia BH-902,5,4000,4000,0,71CF,7FB2,FFFF,2D33,0,C80,FF1A,1D80,F333,01EC,FFEE,200A,7F65,0,ED00,0,FFFF,2D33,0,C80,FF1A,1D80,F333,01EC,FFEE,200A,7F65,7fff,800,7fff,0,0,70,800,2000,2000,fa,C8,1,190,40,20,3977,40,408A,800,63,4DFF,4DFF,2,3F00,7D0,0,20,100,200,200,400,300,258,64,1ca8,C8,2D55,100,FFFF,0,FF80,FBDB,FCEB,E8,F0B1,3C90,0,0,0,0,0,0,0,0,0,0,0,0,0,0,0,0,0,0,0,0,0,0,0,0,0,0,0,0,0,0,0,0,0,0,0,0,0,0,2,2,2,2,0,0,0,0,0,0,0,0,0,0,0,0,0,0,0,0,0,0,0,0,0,0,0,0,0,0,0,0,0,0,2,2,2,2,FFFF
G31,HBH-DS220,5,4000,4000,0,4000,B45F,FFFF,2D33,0,C80,FF1A,1D80,F333,01EC,FFEE,200A,7F65,0,ED00,0,0,2D33,0,C80,FF1A,1D80,F333,01EC,FFEE,200A,7F65,7fff,800,7fff,0,0,20,800,2000,2000,fa,78,1,190,40,20,3977,40,408A,800,63,4DFF,4DFF,2,3F00,7D0,0,20,100,200,200,400,300,258,64,1ca8,C8,2D55,100,FFFF,0,FF80,FBDB,FCEB,E8,F0B1,3C90,0,0,0,0,0,0,0,0,0,0,0,0,0,0,0,0,0,0,0,0,0,0,0,0,0,0,0,0,0,0,0,0,0,0,0,0,0,0,2,2,2,2,0,0,0,0,0,0,0,0,0,0,0,0,0,0,0,0,0,0,0,0,0,0,0,0,0,0,0,0,0,0,2,2,2,2,FFFF
G32,HBH-DS980,5,4000,4000,0,5092,7FB2,FFFF,2D33,0,C80,FF1A,1D80,F333,01EC,FFEE,200A,7F65,0,ED00,0,FFFF,2D33,0,C80,FF1A,1D80,F333,01EC,FFEE,200A,7F65,7fff,800,7fff,179f,0,30,800,2000,2000,fa,78,1,190,40,20,3977,40,408A,800,63,4DFF,4DFF,2,3F00,7D0,0,10,100,200,200,400,300,258,32,1ca8,C8,2D55,100,FFFF,0,FF80,FBDB,FCEB,E8,F0B1,3C90,0,0,0,0,0,0,0,0,0,0,0,0,0,0,0,0,0,0,0,0,0,0,0,0,0,0,0,0,0,0,0,0,0,0,0,0,0,0,2,2,2,2,0,0,0,0,0,0,0,0,0,0,0,0,0,0,0,0,0,0,0,0,0,0,0,0,0,0,0,0,0,0,2,2,2,2,FFFF
G33,8XXPlantronics,5,4000,4000,0,7FB2,7FB2,0,3FD9,0,C80,FF1A,1D80,F333,01EC,FFEE,200A,7F65,0,ED00,0,0,3FD9,0,F00,FF1A,1D80,F333,01EC,FFEE,200A,7F65,7fff,800,7fff,179F,0,0,800,2000,2000,fa,190,1,190,40,20,3977,40,408A,800,63,4DFF,4DFF,2,4000,BB8,0,40,100,200,200,400,300,258,64,1ca8,C8,2D55,100,FFFF,0,FF80,FBDB,FCEB,E8,F0B1,3C90,0,0,0,0,0,0,0,0,0,0,0,0,0,0,0,0,0,0,0,0,0,0,0,0,0,0,0,0,0,0,0,0,0,0,0,0,0,0,2,2,2,2,0,0,0,0,0,0,0,0,0,0,0,0,0,0,0,0,0,0,0,0,0,0,0,0,0,0,0,0,0,0,2,2,2,2,FFFF
G34,Palm Headset,5,4000,4000,0,4000,4000,FFFF,2000,0,C80,FF03,2080,F333,01EC,FFEE,200A,7F65,0,ED00,0,FFFF,2000,0,780,FF9A,2080,F333,01EC,FFEE,200A,7F65,7FFF,800,21DB,149F,0,78,800,5A30,2000,1A4,C8,2,190,40,20,3977,40,408A,800,63,4DFF,4DFF,2,5208,1F40,0,50,161,800,200,1912,300,258,190,1CA8,C8,2D55,100,0,0,0,0,0,0,0,0,0,0,0,0,0,0,0,0,0,0,0,0,0,0,0,0,0,0,0,0,0,0,0,0,0,0,0,0,0,0,0,0,0,0,0,0,0,0,2,2,2,2,0,0,0,0,0,0,0,0,0,0,0,0,0,0,0,0,0,0,0,0,0,0,0,0,0,0,0,0,0,0,2,2,2,2,FFFF
G35,Jawbone,5,4000,4000,0,4000,7FB2,0,7F65,0,780,FF9A,1B0C,F333,01EC,FFEE,200A,7F65,0,ED00,0,0,2000,0,0C80,FF9A,2100,F333,01EC,FFEE,200A,7F65,7FFF,800,21DB,0,0,78,800,5A30,2000,1A4,C8,2,190,40,20,3977,40,408A,800,63,4DFF,4DFF,2,5208,1F40,0,50,161,800,200,1912,300,258,190,1214,C8,2D55,100,0,0,0,0,0,0,0,0,0,0,0,0,0,0,0,0,0,0,0,0,0,0,0,0,0,0,0,0,0,0,0,0,0,0,0,0,0,0,0,0,0,0,0,0,0,0,2,2,2,2,0,0,0,0,0,0,0,0,0,0,0,0,0,0,0,0,0,0,0,0,0,0,0,0,0,0,0,0,0,0,2,2,2,2,FFFF
G36,Jawbone1234,5,4000,4000,0,4000,7FB2,0,7F65,0,780,FF9A,1B0C,F333,01EC,FFEE,200A,7F65,0,ED00,0,0,2000,0,0C80,FF9A,2100,F333,01EC,FFEE,200A,7F65,7FFF,800,21DB,0,0,78,800,5A30,2000,1A4,C8,2,190,40,20,3977,40,408A,800,63,4DFF,4DFF,2,5208,1F40,0,50,161,800,200,1912,300,258,190,1214,C8,2D55,100,0,0,0,0,0,0,0,0,0,0,0,0,0,0,0,0,0,0,0,0,0,0,0,0,0,0,0,0,0,0,0,0,0,0,0,0,0,0,0,0,0,0,0,0,0,0,2,2,2,2,0,0,0,0,0,0,0,0,0,0,0,0,0,0,0,0,0,0,0,0,0,0,0,0,0,0,0,0,0,0,2,2,2,2,FFFF
G37,590Plantronics,5,4000,4000,0,7FB2,4000,FFFF,2000,0,780,FF03,2400,F333,01EC,FFEE,200A,7F65,0,ED00,600,FFFF,2000,0,0C80,FF03,2400,F333,01EC,FFEE,200A,7F65,7FFF,800,21DB,149F,0,78,800,5A30,2000,1A4,C8,2,190,40,20,3977,40,408A,800,63,4DFF,4DFF,2,5DC0,2EE0,0,50,161,800,2BC,1912,300,258,190,1CA8,300,2D55,100,FFFF,F76E,FD79,FD34,FCFB,FCCF,FCB3,3F6B,FFFF,13,ffdc,fdaa,ff4e,f955,fa96,3ebe,0,0,0,0,0,0,0,0,0,0,0,0,0,0,0,0,0,0,0,0,0,0,0,0,0,0,0,0,0,0,2,2,2,2,0,0,0,0,0,0,0,0,0,0,0,0,0,0,0,0,0,0,0,0,0,0,0,0,0,0,0,0,0,0,2,2,2,2,FFFF
G38,Audi UHV 6384,5,4000,4000,0,7FB2,4000,0,2000,0,780,FF9A,2080,F333,01EC,FFEE,200A,7F65,0,ED00,600,0,2000,0,0C80,FF9A,2080,F333,01EC,FFEE,200A,7F65,7FFF,800,21DB,0,0,78,800,2000,2000,1A4,C8,2,190,40,20,3977,40,408A,800,63,4DFF,4DFF,2,5DC0,2EE0,0,106,161,800,2BC,1912,300,258,190,1CA8,300,2D55,100,FFFF,0,FFA1,FE78,FCB2,FAC4,F944,78BA,0,0,FFC1,FEFD,FDD1,FC8B,FB8D,7B32,0,0,0,0,0,0,0,0,0,0,0,0,0,0,0,0,0,0,0,0,0,0,0,0,0,0,0,0,0,0,2,2,2,2,0,0,0,0,0,0,0,0,0,0,0,0,0,0,0,0,0,0,0,0,0,0,0,0,0,0,0,0,0,0,2,2,2,2,FFFF
G39,BlueConnect(tm),5,4000,4000,0,5A67,4000,0,2000,0,780,FF9A,2100,F333,01EC,FFEE,200A,7F65,0,ED00,600,0,2000,0,0C80,FF9A,2100,F333,01EC,FFEE,200A,7F65,7FFF,800,21DB,0,0,78,800,2000,2000,1A4,C8,2,190,40,20,3977,40,408A,800,63,4DFF,4DFF,2,5DC0,2EE0,0,106,161,800,2BC,1912,300,258,190,1CA8,300,2D55,100,0,0,0,0,0,0,0,0,0,0,0,0,0,0,0,0,0,0,0,0,0,0,0,0,0,0,0,0,0,0,0,0,0,0,0,0,0,0,0,0,0,0,0,0,0,0,2,2,2,2,0,0,0,0,0,0,0,0,0,0,0,0,0,0,0,0,0,0,0,0,0,0,0,0,0,0,0,0,0,0,2,2,2,2,FFFF
G40,HandsFreeLink TM,5,4000,4000,0,5A67,4000,0,2000,0,780,FF9A,2100,F333,01EC,FFEE,200A,7F65,0,ED00,600,0,2000,0,0C80,FF9A,2100,F333,01EC,FFEE,200A,7F65,7FFF,800,21DB,0,0,78,800,2000,2000,1A4,C8,2,190,40,20,3977,40,408A,800,63,4DFF,4DFF,2,5DC0,2EE0,0,106,161,800,2BC,1912,300,258,190,1CA8,300,2D55,100,0,0,0,0,0,0,0,0,0,0,0,0,0,0,0,0,0,0,0,0,0,0,0,0,0,0,0,0,0,0,0,0,0,0,0,0,0,0,0,0,0,0,0,0,0,0,2,2,2,2,0,0,0,0,0,0,0,0,0,0,0,0,0,0,0,0,0,0,0,0,0,0,0,0,0,0,0,0,0,0,2,2,2,2,FFFF
G41,Parrot 3400LS,5,4000,4000,0,7FB2,4000,0,2000,0,780,FF9A,1B0C,F333,01EC,FFEE,200A,7F65,0,ED00,600,0,2000,0,780,FF9A,1B0C,F333,01EC,FFEE,200A,7F65,7FFF,800,21DB,0,0,78,800,2000,2000,1A4,C8,2,190,40,20,3977,40,408A,800,63,4DFF,4DFF,2,5DC0,2EE0,0,106,161,800,2BC,1912,300,258,190,1CA8,300,2D55,100,0,0,0,0,0,0,0,0,0,0,0,0,0,0,0,0,0,0,0,0,0,0,0,0,0,0,0,0,0,0,0,0,0,0,0,0,0,0,0,0,0,0,0,0,0,0,2,2,2,2,0,0,0,0,0,0,0,0,0,0,0,0,0,0,0,0,0,0,0,0,0,0,0,0,0,0,0,0,0,0,2,2,2,2,FFFF
G42,BMW,5,4000,4000,0,7FB2,4000,0,2000,0,780,FF9A,2080,F333,01EC,FFEE,200A,7F65,0,ED00,600,0,2000,0,0C80,FF9A,2080,F333,01EC,FFEE,200A,7F65,7FFF,800,21DB,0,0,78,800,2000,2000,1A4,C8,2,190,40,20,3977,40,408A,800,63,4DFF,4DFF,2,5DC0,2EE0,0,106,161,800,2BC,1912,300,258,190,1CA8,300,2D55,100,FFFF,0,FFA1,FE78,FCB2,FAC4,F944,78BA,FFFF,0,0,0,0,0,0,0,0,0,0,0,0,0,0,0,0,0,0,0,0,0,0,0,0,0,0,0,0,0,0,0,0,0,0,0,0,0,2,2,2,2,0,0,0,0,0,0,0,0,0,0,0,0,0,0,0,0,0,0,0,0,0,0,0,0,0,0,0,0,0,0,2,2,2,2,FFFF
G43,Motorola H350,5,4000,4000,0,656E ,CA62 ,FFFF ,2000,0,C80,FF03 ,2300,F333 ,01EC ,FFEE ,200A ,7F65 ,0,0,0,0,7F65 ,0,780,FF9A ,1B0C ,F333 ,01EC ,FFEE ,200A ,7F65 ,7FFF ,800,21DB ,179F ,0,96,800,5A30 ,2000,1A4 ,A0 ,2,190,40,20,3977,40,408A ,800,63,4DFF,4DFF,2,4C00 ,1A00 ,0,20,161,800,200,1912,300,258,190,1CA8 ,50,2D55 ,100,0,0,0,0,0,0,0,0,FFFF,0,0,0,0,0,0,0,0,0,0,0,0,0,0,0,0,0,0,0,0,0,0,0,0,0,0,0,0,0,0,0,0,0,0,0,0,0,2,2,2,2,0,0,0,0,0,0,0,0,0,0,0,0,0,0,0,0,0,0,0,0,0,0,0,0,0,0,0,0,0,0,2,2,2,2,FFFF
G44,Jabra BT135,5,4000,4000,0,7FB2 ,4000,FFFF ,4000,0,1180,FF03 ,2400,F333 ,01EC ,FFEE ,200A ,7F65 ,0,0,0,FFFF ,2880,0,0C80 ,FF03 ,2400,F333 ,01EC ,FFEE ,200A ,7F65 ,7FFF ,800,21DB ,179F ,0,78,800,5A30 ,2000,1A4 ,C8 ,2,190,40,20,3977,40,408A ,800,63,4DFF,4DFF,2,5208,1F40 ,0,20,161,800,200,1912,300,258,190,1CA8 ,C8 ,2D55 ,100,0,0,0,0,0,0,0,0,FFFF,0,0,0,0,0,0,0,0,0,0,0,0,0,0,0,0,0,0,0,0,0,0,0,0,0,0,0,0,0,0,0,0,0,0,0,0,0,2,2,2,2,0,0,0,0,0,0,0,0,0,0,0,0,0,0,0,0,0,0,0,0,0,0,0,0,0,0,0,0,0,0,2,2,2,2,FFFF
G45,Jabra BT160,5,4000,4000,0,6500,6000,FFFF,2000,0,1180,FF03,2000,F333,01EC,FFEE,200A,7F65,0,ED00,600,FFFF,2000,0,0C80,FF03,2400,F333,01EC,FFEE,200A,7F65,7FFF,800,21DB,179F,0,70,800,2000,2000,1A4,C8,2,190,40,20,3977,40,408A,800,63,4DFF,4DFF,2,5208,1F40,0,50,161,800,200,1912,300,258,190,1CA8,C8,2D55,100,0,0,0,0,0,0,0,0,0,0,0,0,0,0,0,0,0,0,0,0,0,0,0,0,0,0,0,0,0,0,0,0,0,0,0,0,0,0,0,0,0,0,0,0,0,0,2,2,2,2,0,0,0,0,0,0,0,0,0,0,0,0,0,0,0,0,0,0,0,0,0,0,0,0,0,0,0,0,0,0,2,2,2,2,FFFF
G46,Motorola H721,5,4000,4000,0,71CF,2D4E,0,2D33,0,C80,FF1A,1D80,F333,01EC,FFEE,200A,7F65,0,ED00,0,0,3FD9,0,C80,FF1A,1B0C,F333,01EC,FFEE,200A,7F65,7fff,800,7fff,179f,0,200,800,2000,2000,fa,46,1,190,40,20,3977,40,408A,800,63,4DFF,4DFF,2,3F00,1200,0,20,100,200,200,400,300,258,32,1ca8,1000,2D55,100,FFFF,0,FF21,FD5D,FB9C,FA19,F8A4,3C90,0,0,0,0,0,0,0,0,0,0,0,0,0,0,0,0,0,0,0,0,0,0,0,0,0,0,0,0,0,0,0,0,0,0,0,0,0,0,2,2,2,2,0,0,0,0,0,0,0,0,0,0,0,0,0,0,0,0,0,0,0,0,0,0,0,0,0,0,0,0,0,0,2,2,2,2,FFFF
G47,DoCoMo Wireless P01,5,4000,4000,0,FEC9,7FB2,0,2D33,0,C80,FF1A,1D80,F333,01EC,FFEE,200A,7F65,0,ED00,0,FFFF,3FD9,0,C80,FF1A,1B0C,F333,01EC,FFEE,200A,7F65,7fff,800,7fff,179f,0,20,800,2000,2000,fa,C8,1,190,40,20,3977,40,408A,800,63,4DFF,4DFF,2,5208,1F40,0,40,100,400,200,400,300,258,32,1ca8,C8,2D55,100,FFFF,0,FF80,FBDB,FCEB,E8,F0B1,3C90,0,0,0,0,0,0,0,0,0,0,0,0,0,0,0,0,0,0,0,0,0,0,0,0,0,0,0,0,0,0,0,0,0,0,0,0,0,0,2,2,2,2,0,0,0,0,0,0,0,0,0,0,0,0,0,0,0,0,0,0,0,0,0,0,0,0,0,0,0,0,0,0,2,2,2,2,FFFF
G48,SoundLeaf+,5,4000,4000,0,B45F,A0C2,0,2D33,0,C80,FF1A,1D80,F333,01EC,FFEE,200A,7F65,0,ED00,0,FFFF,3FD9,0,C80,FF1A,1B0C,F333,01EC,FFEE,200A,7F65,7fff,800,7fff,179f,0,50,800,2000,2000,fa,C8,1,190,40,20,3977,40,408A,800,63,4DFF,4DFF,2,3F00,7D0,0,40,100,400,200,400,300,258,32,1ca8,C8,2D55,100,FFFF,0,FF80,FBDB,FCEB,E8,F0B1,3C90,0,0,0,0,0,0,0,0,0,0,0,0,0,0,0,0,0,0,0,0,0,0,0,0,0,0,0,0,0,0,0,0,0,0,0,0,0,0,2,2,2,2,0,0,0,0,0,0,0,0,0,0,0,0,0,0,0,0,0,0,0,0,0,0,0,0,0,0,0,0,0,0,2,2,2,2,FFFF
